monomer_ID,smiles_canonical,polymer_class,cluster_k5,cluster_k10,cluster_k15,cluster_k20,cluster_k25
PI1,*CC*,1,2,2,2,3,3
PI2,*CC(*)C,1,2,3,5,8,9
PI3,*CC(*)CC,1,2,3,5,8,9
PI4,*CC(*)CCC,1,2,3,5,8,9
PI5,*CC(*)C(C)C,1,2,3,5,8,9
PI6,*CC(*)CCCC,1,2,3,5,8,9
PI7,*CC(*)CC(C)C,1,2,3,5,8,9
PI8,*CC(*)CCCCC,1,2,3,5,8,9
PI10,*CC(*)CCC(C)CC,1,2,3,5,8,9
PI11,*CC(*)CCCCCCC,1,2,3,5,8,9
PI12,*CC(*)CCCCCCCC,1,2,3,5,8,9
PI13,*CC(*)(C)C,1,2,3,3,4,4
PI14,*CC(*)(C)CC,1,2,3,3,4,4
PI15,*CCC(*)(C)C,1,2,3,3,4,4
PI16,*CC(C)C(*)(C)C,1,2,3,5,8,9
PI17,*CCCC(*)(C)C,1,2,3,3,4,4
PI18,*CCCC(*)(C)CC,1,2,3,3,4,4
PI19,*CCCCCCCC(*)C,1,2,3,5,8,9
PI20,*CC(*)C1CC1,1,2,3,5,8,9
PI21,*CC(*)C1CCC1,1,2,3,5,8,9
PI22,*CC(*)C1CCCC1,1,2,3,5,8,9
PI23,*CC(*)CC1CCCC1,1,2,3,5,8,9
PI24,*CC(*)C1CCCCC1,1,2,3,5,8,9
PI25,*CC(*)CC1CCCCC1,1,2,3,5,8,9
PI26,*CC(*)Cc1ccccc1,1,2,3,5,8,9
PI27,*CC(*)CCc1ccccc1,1,2,3,5,8,9
PI28,*CC(*)C(C)c1ccccc1,1,2,3,5,8,9
PI29,*CC1CCC(*)C1,1,5,10,14,18,22
PI30,*CC(*)CCCCCC,1,2,3,5,8,9
PI31,*CC(*)CCCCCCCCCC,1,2,3,5,8,9
PI32,*CC(*)CCCCCCCCCCCC,1,2,3,5,8,9
PI33,*CC(*)CCCCCCCCCCCCCCCC,1,2,3,5,8,9
PI35,*CC(*)C(C)CC,1,2,3,5,8,9
PI36,*CC(*)C(CC)CC,1,2,3,5,8,9
PI37,*CC(*)CC(CC)CC,1,2,3,5,8,9
PI38,*CC(*)CC(C)CC,1,2,3,5,8,9
PI39,*CC(*)CC(C)(C)C,1,2,3,5,8,9
PI40,*CC(*)CC(C)(C)CC,1,2,3,5,8,9
PI41,*CC(*)CCCC(C)(C)C,1,2,3,5,8,9
PI42,*CC(*)CCC1CCCCC1,1,2,3,5,8,9
PI43,*CC(*)CCCC1CCCCC1,1,2,3,5,8,9
PI44,*CC1(*)CCC(C)CC1,1,5,8,12,16,20
PI45,*CC(*)(C)CCC,1,2,3,3,4,4
PI46,*/C=C/CC*,1,2,2,2,3,3
PI47,*/C=C\CC*,1,2,2,2,3,3
PI48,*C=CCC*,1,2,2,2,3,3
PI49,*C(C)C(*)C,1,2,3,4,7,8
PI50,*/C=C/*,1,2,2,2,3,3
PI51,*CCC(C)C(*)C,1,2,3,5,8,9
PI52,*CCC1CCCC1*,1,5,10,14,18,22
PI53,*C=CCCCCCCCC*,1,2,2,2,3,3
PI54,*CC(*)CCCCCCCCCCCCCCCCCCCC,1,2,3,5,8,9
PI55,*/C=C/CCCCCCCCCC*,1,2,2,2,3,3
PI56,*CC(*)CCCCCCCCCCCCCC,1,2,3,5,8,9
PI57,*C=CCCCCCC*,1,2,2,2,3,3
PI58,*/C=C/CCC*,1,2,2,2,3,3
PI59,*CC(*)C(C)(C)C,1,2,3,5,8,9
PI60,*/C=C\CCCC*,1,2,2,2,3,3
PI61,*CC(*)CCCCCCCCCCCCC,1,2,3,5,8,9
PI62,*C(CC)C(*)CC,1,2,3,5,8,9
PI63,*CC(*)CCCCCCCCCCC,1,2,3,5,8,9
PI64,*CC(*)CCCCCCCCC,1,2,3,5,8,9
PI65,*CC(*)C1CCCC(C)C1,1,2,3,5,8,9
PI66,*CC(*)C1CCC(C)CC1,1,2,3,5,8,9
PI67,*CC(*)C1CC=CCC1,1,2,3,5,8,9
PI68,*CCC=C(*)CCCCCCC,1,2,2,2,3,3
PI69,*CCC=C(*)C(C)C,1,2,2,2,3,3
PI70,*/C=C\CCC*,1,2,2,2,3,3
PI71,*CC(*)CCC(C)(C)C,1,2,3,5,8,9
PI72,*C1CCC1*,1,5,10,14,18,22
PI73,*/C=C\*,1,2,2,2,3,3
PI74,*/C=C\CCCCC*,1,2,2,2,3,3
PI75,*C=CC1CCC(*)C1,1,5,10,14,18,22
PI76,*/C=C/C(C*)C(C)CC,1,2,3,5,8,9
PI77,*CCC=C(*)CCC,1,2,2,2,3,3
PI78,*C=CCCCCCCCCCC*,1,2,2,2,3,3
PI79,*CC1(*)CCCCC1,1,5,8,12,16,20
PI80,*C=CC(C)CCCCC*,1,2,3,5,8,9
PI81,*CC/C=C(\*)C(C)(C)C,1,2,2,2,3,3
PI82,*CC(*)c1ccccc1,2,2,3,5,8,9
PI83,*CC(*)c1ccccc1C,2,2,3,5,8,9
PI84,*CC(*)c1ccccc1CC,2,2,3,5,8,9
PI85,*CC(*)c1ccccc1COC,2,2,3,5,8,9
PI86,*CC(*)c1ccccc1COCC,2,2,3,5,8,9
PI87,*CC(*)c1ccccc1COCCC,2,2,3,5,8,9
PI88,*CC(*)c1ccccc1COC(C)C,2,2,3,5,8,9
PI89,*CC(*)c1ccccc1COCCCC,2,2,3,5,8,9
PI90,*CC(*)c1ccccc1COCCCCC,2,2,3,5,8,9
PI91,*CC(*)c1ccccc1COCCC(C)C,2,2,3,5,8,9
PI92,*CC(*)c1ccccc1COCc1ccccc1,2,2,3,5,8,9
PI93,*CC(*)c1ccccc1COCCc1ccccc1,2,2,3,5,8,9
PI94,*CC(*)c1ccccc1C(=O)NC,2,2,3,5,8,9
PI95,*CC(*)c1ccccc1C(=O)N(C)C,2,2,3,5,8,9
PI96,*CC(*)c1ccccc1C(=O)Nc1ccccc1,2,2,3,5,8,9
PI97,*CC(*)c1ccccc1C(=O)O,2,2,3,5,8,9
PI98,*CC(*)c1ccccc1C(=O)OC,2,2,3,5,8,9
PI99,*CC(*)c1ccccc1C(=O)OCC,2,2,3,5,8,9
PI100,*CC(*)c1ccccc1C(=O)OCCC,2,2,3,5,8,9
PI101,*CC(*)c1ccccc1C(=O)OC(C)C,2,2,3,5,8,9
PI102,*CC(*)c1ccccc1C(=O)OCCCC,2,2,3,5,8,9
PI103,*CC(*)c1ccccc1C(=O)OCC(C)C,2,2,3,5,8,9
PI104,*CC(*)c1ccccc1C(=O)OCCCCC,2,2,3,5,8,9
PI105,*CC(*)c1ccccc1C(=O)OCCC(C)C,2,2,3,5,8,9
PI106,*CC(*)c1ccccc1C(=O)OCCCCCC,2,2,3,5,8,9
PI107,*CC(*)c1ccccc1C(=O)Oc1ccccc1,2,2,3,5,8,9
PI108,*CC(*)c1ccccc1C(=O)OCCN(C)C,2,2,3,5,8,9
PI109,*CC(*)c1ccc(C(=O)OCCN(C)C)cc1,2,2,3,5,8,9
PI110,*CC(*)c1ccccc1OC,2,2,3,5,8,9
PI111,*CC(*)c1ccccc1Cl,2,2,3,5,8,9
PI112,*CC(*)c1ccccc1F,2,2,3,5,8,9
PI113,*CC(*)c1cccc(C)c1,2,2,3,5,8,9
PI114,*CC(*)c1cccc(CC)c1,2,2,3,5,8,9
PI115,*CC(*)c1cccc(-c2ccc(-c3ccccc3)cc2)c1,2,2,3,5,8,9
PI116,*CC(*)c1cccc(Cl)c1,2,2,3,5,8,9
PI117,*CC(*)c1cccc(F)c1,2,2,3,5,8,9
PI118,*CC(*)c1ccc(C)cc1,2,2,3,5,8,9
PI119,*CC(*)c1ccc(CC)cc1,2,2,3,5,8,9
PI120,*CC(*)c1ccc(C(C)C)cc1,2,2,3,5,8,9
PI121,*CC(*)c1ccc(CCCC)cc1,2,2,3,5,8,9
PI122,*CC(*)c1ccc(C(C)(C)C)cc1,2,2,3,5,8,9
PI123,*CC(*)c1ccc(C(C)CC)cc1,2,2,3,5,8,9
PI124,*CC(*)c1ccc(CCCCCC)cc1,2,2,3,5,8,9
PI125,*CC(*)c1ccc(CCCCCCCC)cc1,2,2,3,5,8,9
PI126,*CC(*)c1ccc(CCCCCCCCC)cc1,2,2,3,5,8,9
PI127,*CC(*)c1ccc(CCCCCCCCCC)cc1,2,2,3,5,8,9
PI128,*CC(*)c1ccc(CCCCCCCCCCCC)cc1,2,2,3,5,8,9
PI129,*CC(*)c1ccc(CCCCCCCCCCCCCC)cc1,2,2,3,5,8,9
PI130,*CC(*)c1ccc(CCCCCCCCCCCCCCCC)cc1,2,2,3,5,8,9
PI131,*CC(*)c1ccc(CCCCCCCCCCCCCCCCCC)cc1,2,2,3,5,8,9
PI132,*CC(*)c1ccc(-c2ccccc2)cc1,2,2,3,5,8,9
PI133,*CC(*)c1ccc(COCCOCC)cc1,2,2,3,5,8,9
PI134,*CC(*)c1ccc(C#N)cc1,2,2,3,5,8,9
PI135,*CC(*)c1ccc(Cl)cc1,2,2,3,5,8,9
PI136,*CC(*)c1ccc(Br)cc1,2,2,3,5,8,9
PI137,*CC(*)c1ccc(C(F)(F)C(F)(F)C(F)(F)C(F)(F)C(F)(F)C(F)(F)C(F)(F)F)cc1,2,2,3,5,8,9
PI138,*CC(*)c1ccc(C(C)=NO)cc1,2,2,3,5,8,9
PI139,*CC(*)c1ccc(C(C)(C)O)cc1,2,2,3,5,8,9
PI140,*CC(*)c1ccc(C(C)(O)CC)cc1,2,2,3,5,8,9
PI141,*CC(*)c1ccc(C(C)(O)CCC)cc1,2,2,3,5,8,9
PI142,*CC(*)c1ccc(C(C)(O)CCCC)cc1,2,2,3,5,8,9
PI143,*CC(*)c1ccc(C(C)(O)CCCCC)cc1,2,2,3,5,8,9
PI144,*CC(*)c1ccc(C(O)CCN(C)C)cc1,2,2,3,5,8,9
PI145,*CC(*)c1ccc(C(O)CCN2CCCCC2)cc1,2,2,3,5,8,9
PI146,*CC(*)c1ccc(C(O)CCN2CCOCC2)cc1,2,2,3,5,8,9
PI147,*CC(*)c1ccc(COC)cc1,2,2,3,5,8,9
PI148,*CC(*)c1ccc(COCCO)cc1,2,2,3,5,8,9
PI149,*CC(*)c1ccc(COCCC)cc1,2,2,3,5,8,9
PI150,*CC(*)c1ccc(COCCCC)cc1,2,2,3,5,8,9
PI151,*CC(*)c1ccc(COCCCCO)cc1,2,2,3,5,8,9
PI152,*CC(*)c1ccc(COC(C)CC)cc1,2,2,3,5,8,9
PI153,*CC(*)c1ccc(COCCCCCC)cc1,2,2,3,5,8,9
PI154,*CC(*)c1ccc(COCCOCCCC)cc1,2,2,3,5,8,9
PI155,*CC(*)c1ccc(C(=O)N(C)C)cc1,2,2,3,5,8,9
PI156,*CC(*)c1ccc(C(=O)N(CC)CC)cc1,2,2,3,5,8,9
PI157,*CC(*)c1ccc(C(=O)N2CCCCC2)cc1,2,2,3,5,8,9
PI158,*CC(*)c1ccc(C(=O)CCN2CCCCC2)cc1,2,2,3,5,8,9
PI159,*CC(*)c1ccc(C(=O)N2CCOCC2)cc1,2,2,3,5,8,9
PI160,*CC(*)c1ccc(C(=O)OC)cc1,2,2,3,5,8,9
PI161,*CC(*)c1ccc(C(=O)OCC)cc1,2,2,3,5,8,9
PI162,*CC(*)c1ccc(C(=O)OCCC)cc1,2,2,3,5,8,9
PI163,*CC(*)c1ccc(C(=O)OC(C)C)cc1,2,2,3,5,8,9
PI164,*CC(*)c1ccc(C(=O)OCCCC)cc1,2,2,3,5,8,9
PI165,*CC(*)c1ccc(C(=O)OCC(C)C)cc1,2,2,3,5,8,9
PI166,*CC(*)c1ccc(C(=O)OCCCCCC)cc1,2,2,3,5,8,9
PI167,*CC(*)c1ccc(C(=O)CC)cc1,2,2,3,5,8,9
PI168,*CC(*)c1ccc(C(=O)CCC)cc1,2,2,3,5,8,9
PI169,*CC(*)c1ccc(C(=O)CCCC)cc1,2,2,3,5,8,9
PI170,*CC(*)c1ccc(C(=O)CCCCC)cc1,2,2,3,5,8,9
PI171,*CC(*)c1ccc(C(=O)CCCCCCC)cc1,2,2,3,5,8,9
PI172,*CC(*)c1ccc(C(=O)Cc2ccccc2)cc1,2,2,3,5,8,9
PI173,*CC(*)c1ccc(C(=O)c2ccccc2)cc1,2,2,3,5,8,9
PI174,*CC(*)c1ccc(C(=O)c2ccc(C)cc2)cc1,2,2,3,5,8,9
PI175,*CC(*)c1ccc(F)cc1,2,2,3,5,8,9
PI176,*CC(*)c1ccc(I)cc1,2,2,3,5,8,9
PI177,*CC(*)c1ccc(N(C)C)cc1,2,2,3,5,8,9
PI178,*CC(*)c1ccc(OC)cc1,2,2,3,5,8,9
PI179,*CC(*)c1ccc(OCC)cc1,2,2,3,5,8,9
PI180,*CC(*)c1ccc(OCCC)cc1,2,2,3,5,8,9
PI181,*CC(*)c1ccc(OCCCC)cc1,2,2,3,5,8,9
PI182,*CC(*)c1ccc(OCCC(C)C)cc1,2,2,3,5,8,9
PI183,*CC(*)c1ccc(Oc2ccccc2)cc1,2,2,3,5,8,9
PI184,*CC(*)c1ccc(-c2ccc(-c3ccccc3)cc2)cc1,2,2,3,5,8,9
PI185,*CC(*)c1ccc(S(=O)(=O)OCCC)cc1,2,2,3,5,8,9
PI186,*CC(*)c1c(Cl)cccc1Cl,2,2,3,5,8,9
PI187,*CC(*)c1ccc(C)cc1C,2,2,3,5,8,9
PI188,*CC(*)c1ccc(C(C)C)cc1C(C)C,2,2,3,5,8,9
PI189,*CC(*)c1ccc(F)cc1C,2,2,3,5,8,9
PI190,*CC(*)c1ccc(Cl)cc1C,2,2,3,5,8,9
PI191,*CC(*)c1ccc(Cl)cc1Cl,2,2,3,5,8,9
PI192,*CC(*)c1cc(C)ccc1C,2,2,3,5,8,9
PI193,*CC(*)c1cc(C(C)(C)C)ccc1C,2,2,3,5,8,9
PI194,*CC(*)c1cc(C(C)C)ccc1C(C)C,2,2,3,5,8,9
PI195,*CC(*)c1cc(Cl)ccc1Cl,2,2,3,5,8,9
PI196,*CC(*)c1cc(F)ccc1F,2,2,3,5,8,9
PI197,*CC(*)c1cc(C)ccc1F,2,2,3,5,8,9
PI198,*CC(*)c1cc(Br)ccc1OCCCC,2,2,3,5,8,9
PI199,*CC(*)c1cc(Br)ccc1OCC,2,2,3,5,8,9
PI200,*CC(*)c1cc(Br)ccc1OC,2,2,3,5,8,9
PI201,*CC(*)c1cc(Br)ccc1OCCC,2,2,3,5,8,9
PI202,*CC(*)c1cc(Br)ccc1OC(C)C,2,2,3,5,8,9
PI203,*CC(*)c1cc(Br)ccc1OCCCCC,2,2,3,5,8,9
PI204,*CC(*)c1cc(Br)ccc1OCCC(C)C,2,2,3,5,8,9
PI205,*CC(*)c1cc(C)cc(C)c1,2,2,3,5,8,9
PI206,*CC(*)c1ccc(C)c(C)c1,2,2,3,5,8,9
PI207,*CC(*)c1ccc(Cl)c(C)c1,2,2,3,5,8,9
PI208,*CC(*)c1ccc(Cl)c(Cl)c1,2,2,3,5,8,9
PI209,*CC(*)c1ccc(Cl)c(F)c1,2,2,3,5,8,9
PI210,*CC(*)c1c(C)cc(C)cc1C,2,2,3,5,8,9
PI211,*CC(*)c1cc(C)c(C)cc1C,2,2,3,5,8,9
PI212,*CC(*)c1c(F)c(F)c(F)c(F)c1F,2,2,3,5,8,9
PI213,*CC(*)(C)c1ccccc1,2,2,3,3,4,4
PI214,*CC(*)(C)c1ccc(C(C)C)cc1,2,2,3,3,4,4
PI215,*C(F)(F)C(*)(F)c1ccccc1,2,1,1,1,1,1
PI216,*C(F)(F)C(*)(F)c1c(F)c(F)c(F)c(F)c1F,2,1,1,1,1,1
PI217,*CC(*)c1cccc2ccccc12,2,2,3,5,8,9
PI218,*CC(*)c1ccc(C(C)=O)cc1,2,2,3,5,8,9
PI219,*CC(*)c1ccc(C(=O)CCN2CCOCC2)cc1,2,2,3,5,8,9
PI220,*CC(*)(C(=O)OC)c1ccccc1,2,2,3,3,4,4
PI221,*CC(*)(C)c1ccc(C)cc1,2,2,3,3,4,4
PI222,*C(c1ccccc1)C(*)[N+](=O)[O-],2,2,3,5,8,9
PI223,*CC(*)c1ccc(C(=O)C(F)(F)F)cc1,2,2,3,5,8,9
PI224,*CC(*)c1ccc(C(=O)c2ccc(OC)cc2)cc1,2,2,3,5,8,9
PI225,*CC(*)c1ccc2ccccc2c1,2,2,3,5,8,9
PI226,*CC(*)c1ccncc1,2,2,3,5,8,9
PI227,*CC(*)c1cccc(C)n1,2,2,3,5,8,9
PI228,*CC(*)c1ccc(C)nc1,2,2,3,5,8,9
PI229,*CC(*)N1Cc2ccccc2N1,2,2,3,5,8,9
PI230,*CC(c1ccccn1)C(c1ccccc1)C(*)c1ccccn1,2,2,3,5,8,9
PI231,*CC(*)c1ccc(O)cc1,2,2,3,5,8,9
PI232,*CC(*)c1ccc(OC(C)=O)cc1,2,2,3,5,8,9
PI233,*CC(*)c1ccc(CCC)cc1,2,2,3,5,8,9
PI234,*CC(*)c1ccc(COCCCCCCOc2ccc(-c3ccc(OC)cc3)cc2)cc1,2,2,3,5,8,9
PI235,*CC(*)c1ccc(COCC(CC)CCCC)cc1,2,2,3,5,8,9
PI236,*CC(*)c1ccc(COCCOCCCCCCCC)cc1,2,2,3,5,8,9
PI237,*CC(*)c1ccc(C(F)(F)C(F)(F)C(F)(F)C(F)(F)C(F)(F)C(F)F)cc1,2,2,3,5,8,9
PI238,*CC(CC(*)(C#N)C(=O)OC)c1ccccc1,2,2,3,3,4,4
PI239,*CC(*)c1ccc(C(=O)O)c(C(=O)O)c1,2,2,3,5,8,9
PI240,*C([2H])([2H])C(*)([2H])c1c([2H])c([2H])c([2H])c([2H])c1[2H],2,2,3,5,8,10
PI241,*CC(*)O,3,2,3,5,8,9
PI242,*CC(*)C=O,3,2,3,5,8,9
PI243,*CC(*)OC(=O)CCCCCCCCCCC,3,2,3,5,8,9
PI246,*CC(*)C(C)=O,3,2,3,5,8,9
PI247,*CC(*)C(=O)C(C)C,3,2,3,5,8,9
PI248,*CC(*)(C)C(C)=O,3,2,3,3,4,4
PI249,*CC(*)C#N,3,2,3,5,8,9
PI250,*CC(*)(C)C#N,3,2,3,3,4,4
PI251,*CC(*)c1ccccn1,3,2,3,5,8,9
PI252,*CC(*)n1c2ccccc2c2ccccc21,3,2,3,5,8,9
PI253,*CC(*)OC,3,2,3,5,8,9
PI254,*CC(*)OCC,3,2,3,5,8,9
PI259,*CC(*)OC(C)=O,3,2,3,5,8,9
PI260,*CC(*)OC(=O)CC,3,2,3,5,8,9
PI261,*CC(*)OC(=O)c1ccccc1,3,2,3,5,8,9
PI263,*CC(*)CCCCCCCCCO,3,2,3,5,8,9
PI264,*CC(*)CCN(C(C)C)C(C)C,3,2,3,5,8,9
PI265,*CC(*)CCCN(C(C)C)C(C)C,3,2,3,5,8,9
PI266,*CC(*)CCCN(CC(C)C)CC(C)C,3,2,3,5,8,9
PI267,*CC(*)O[N+](=O)[O-],3,2,3,5,8,9
PI268,*C=CC(C)C(*)C(=O)OC,3,2,3,4,7,7
PI269,*C#C/C(COS(=O)(=O)c1ccc(C)cc1)=C(/*)COS(=O)(=O)c1ccc(C)cc1,3,2,3,3,6,6
PI270,*CC(*)OC=O,3,2,3,5,8,9
PI271,*CC(*)OCc1ccccc1,3,2,3,5,8,9
PI272,*CC(*)OC(C)(C)C,3,2,3,5,8,9
PI273,*C(C)C(*)OCC(C)C,3,2,3,4,7,8
PI274,*CC(*)OC(C)C,3,2,3,5,8,9
PI275,*CC(*)(C)OC,3,2,3,3,4,4
PI276,*CC(*)OCC(C)(C)C,3,2,3,5,8,9
PI277,*CC(*)OC(C)CC,3,2,3,5,8,9
PI278,*CC(*)OC(=O)C(F)(F)F,3,2,3,5,8,9
PI279,*/C=C/C(C*)OC,3,2,3,5,8,9
PI280,*C=CCC(C)(CC*)C(=O)OC,3,2,3,3,4,4
PI281,*CC(*)CCc1ccccc1C,3,2,3,5,8,9
PI282,*CC(*)CCc1ccc(C)cc1,3,2,3,5,8,9
PI283,*CC(*)OCCCCCCCCCCCC,3,2,3,5,8,9
PI284,*C(C)C(*)OCCCC,3,2,3,4,7,8
PI285,*C(C)C(*)OC(C)(C)C,3,2,3,4,7,8
PI286,*C(C)C(*)OCC,3,2,3,4,7,8
PI287,*C(C)C(*)OC(C)C,3,2,3,4,7,8
PI288,*C(C)C(*)OC,3,2,3,4,7,8
PI289,*C(C)C(*)OCCC,3,2,3,4,7,8
PI291,*CC(*)Cc1cc(C)ccc1C,3,2,3,5,8,9
PI292,*CC(*)Cc1ccc(C)c(C)c1,3,2,3,5,8,9
PI293,*CC(*)Cc1cc(C)cc(C)c1,3,2,3,5,8,9
PI294,*CC(*)Cc1cccc(C)c1,3,2,3,5,8,9
PI295,*CC(*)Cc1ccccc1C,3,2,3,5,8,9
PI296,*CC(*)Cc1ccc(C)cc1,3,2,3,5,8,9
PI297,*C(C)C(*)O,3,2,3,4,7,8
PI298,*CC(*)OC(=O)c1ccc(C(C)(C)C)cc1,3,2,3,5,8,9
PI299,*CC(*)C(=O)C(C)(C)C,3,2,3,5,8,9
PI300,*CC(*)C(=O)C1CCCCC1,3,2,3,5,8,9
PI302,*CC(*)C(=O)c1ccccc1O,3,2,3,5,8,9
PI303,*C=CC(C*)OC,3,2,3,5,8,9
PI304,*CCC=C(*)c1ccccc1,3,2,2,2,3,3
PI305,*C(O)C(*)O,3,2,3,4,7,8
PI306,*CC(*)OCC(CC)CCCC,3,2,3,5,8,9
PI307,*CC(*)SCCCC,3,2,3,5,8,9
PI308,*CC(*)OC1CCCCC1,3,2,3,5,8,9
PI309,*CC(*)SCC,3,2,3,5,8,9
PI310,*C(F)(F)C(*)(F)OC(F)(F)C(F)(F)C(F)(F)C(F)(F)F,3,1,1,1,1,1
PI311,*C(F)(F)C(*)(F)OC(F)(F)C(F)(F)F,3,1,1,1,1,1
PI312,*C(F)(F)C(*)(OC(F)(F)F)OC(F)(F)F,3,1,1,1,1,1
PI313,*C(OC(F)(F)F)C(*)(F)F,3,1,1,1,1,1
PI314,*C(F)C(*)(F)OC(F)(F)F,3,1,1,1,1,1
PI315,*C(F)(F)C(*)(F)OC(F)(F)F,3,1,1,1,1,1
PI316,*CC(*)OCC(C)(C)CC,3,2,3,5,8,9
PI317,*CC(*)SC,3,2,3,5,8,9
PI319,*CC(*)OCCC,3,2,3,5,8,9
PI320,*CC(*)(F)C(C)=O,3,2,3,3,4,4
PI321,*CC(*)C(=O)c1ccccc1,3,2,3,5,8,9
PI322,*CC(*)C(=O)c1ccc(Br)c(OC)c1,3,2,3,5,8,9
PI323,*CC(*)C(=O)c1ccc(C(C)(C)C)cc1,3,2,3,5,8,9
PI324,*CC(*)C(=O)c1ccc(Cl)cc1,3,2,3,5,8,9
PI325,*CC(*)C(=O)c1ccc(CC)cc1,3,2,3,5,8,9
PI326,*CC(*)C(=O)c1ccc(C(C)C)cc1,3,2,3,5,8,9
PI327,*CC(*)C(=O)c1ccc(OC)cc1,3,2,3,5,8,9
PI328,*CC(*)C(=O)c1ccc(C)c(C)c1,3,2,3,5,8,9
PI329,*CC(*)C(=O)c1ccc(CCC)cc1,3,2,3,5,8,9
PI330,*CC(*)C(=O)c1ccc(C)cc1,3,2,3,5,8,9
PI331,*CC(*)OC(=O)c1ccccc1OC(C)=O,3,2,3,5,8,9
PI332,*CC(*)OC(=O)c1ccc(OC(C)=O)cc1,3,2,3,5,8,9
PI333,*CC(*)OC(=O)CCCC(=O)c1ccccc1,3,2,3,5,8,9
PI334,*CC(*)OC(=O)c1cccc(Br)c1,3,2,3,5,8,9
PI335,*CC(*)OC(=O)c1ccc(Br)cc1,3,2,3,5,8,9
PI336,*CC(*)OC(=O)c1ccc(OC(=O)CCC)cc1,3,2,3,5,8,9
PI337,*CC(*)OC(=O)c1ccccc1Cl,3,2,3,5,8,9
PI338,*CC(*)OC(=O)c1cccc(Cl)c1,3,2,3,5,8,9
PI339,*CC(*)OC(=O)c1ccc(Cl)cc1,3,2,3,5,8,9
PI340,*CC(*)OC(=O)C1CCCCC1,3,2,3,5,8,9
PI341,*CC(*)OC(=O)CC1CCCCC1,3,2,3,5,8,9
PI342,*CC(*)OC(=O)CCCC1CCCCC1,3,2,3,5,8,9
PI343,*CC(*)OC(=O)c1ccc(OCC)cc1,3,2,3,5,8,9
PI344,*CC(*)OC(=O)c1ccc(CC)cc1,3,2,3,5,8,9
PI346,*CC(*)OC(=O)C(F)(F)C(F)(F)C(F)(F)F,3,2,3,5,8,9
PI347,*CC(*)OC(=O)C1(F)C(F)(F)C(F)(F)C(F)(F)C(F)(F)C1(F)F,3,2,3,5,8,9
PI348,*CC(*)NC(=O)OC(C)(C)C,3,2,3,5,8,9
PI349,*CC(*)OC(=O)C(F)(F)C(F)(F)C(F)(F)C(F)(F)C(F)(F)C(F)(F)C(F)(F)C(F)(F)C(F)(F)F,3,2,3,5,8,9
PI350,*CC(*)OC(=O)C(F)(F)C(F)(F)C(F)(F)C(F)(F)C(F)(F)F,3,2,3,5,8,9
PI351,*CC(*)OC(=O)C(F)(F)C(F)(F)C(F)(F)C(F)(F)C(F)(F)C(F)(F)C(F)(F)F,3,2,3,5,8,9
PI352,*CC(*)OC(=O)C(F)(F)C(F)(F)F,3,2,3,5,8,9
PI353,*CC(*)OC(=O)C(F)(F)C(F)(F)C(F)(F)C(F)(F)F,3,2,3,5,8,9
PI354,*CC(*)OC(=O)c1ccncc1,3,2,3,5,8,9
PI355,*CC(*)OC(=O)c1ccc(C(C)C)cc1,3,2,3,5,8,9
PI356,*CC(*)OC(=O)C(C)(C(C)C)C(C)C,3,2,3,5,8,9
PI357,*CC(*)OC(=O)c1ccccc1OC,3,2,3,5,8,9
PI358,*CC(*)OC(=O)c1cccc(OC)c1,3,2,3,5,8,9
PI359,*CC(*)OC(=O)c1ccc(OC)cc1,3,2,3,5,8,9
PI360,*CC(*)OC(=O)c1ccccc1C,3,2,3,5,8,9
PI361,*CC(*)OC(=O)c1cccc(C)c1,3,2,3,5,8,9
PI362,*CC(*)OC(=O)c1ccc(C)cc1,3,2,3,5,8,9
PI363,*CC(*)OC(=O)CC(C)(C)c1ccccc1,3,2,3,5,8,9
PI364,*CC(*)OC(=O)C(C)(C)CCC,3,2,3,5,8,9
PI365,*CC(*)OC(=O)C(C)(C)C(C)(C)CC,3,2,3,5,8,9
PI366,*CC(*)OC(=O)C(C)(C)C(C)C(C)C,3,2,3,5,8,9
PI367,*CC(*)OC(=O)C(C)(C)CC(C)(C)C,3,2,3,5,8,9
PI368,*CC(*)OC(=O)c1cccnc1,3,2,3,5,8,9
PI369,*CC(*)OC(=O)c1cccc([N+](=O)[O-])c1,3,2,3,5,8,9
PI370,*CC(*)OC(=O)CCCCCCC,3,2,3,5,8,9
PI371,*CC(*)OC(F)(C(F)(F)F)C(F)(F)F,3,2,3,5,8,9
PI372,*CC(*)OC(=O)CCl,3,2,3,5,8,9
PI373,*CC(*)c1cccs1,3,2,3,5,8,9
PI374,*CC(*)OCCCl,3,2,3,5,8,9
PI375,*CC(*)OCCOC,3,2,3,5,8,9
PI376,*CC(*)OCC(F)(F)F,3,2,3,5,8,9
PI377,*CC(*)(CC(=O)OCCCCCCC)C(=O)OCCCCCCC,3,2,3,3,4,4
PI378,*CC(*)OC(=O)C1CCCC1,3,2,3,5,8,9
PI379,*CC(*)OC(=O)C1(C)CCCCC1,3,2,3,5,8,9
PI380,*CC(*)P(=O)(c1ccccc1)c1ccccc1,3,2,3,5,8,9
PI381,*CC(*)P(=O)(OCC)N(C)C,3,2,3,5,8,9
PI382,*CC(*)P(=O)(Oc1ccccc1)N(C)C,3,2,3,5,8,9
PI383,*CC(*)c1nc(C)nc(C)n1,3,2,3,5,8,9
PI384,*CC(*)OC(=O)CCCCCCCCC,3,2,3,5,8,9
PI385,*CC(*)OC(=O)CCCCC,3,2,3,5,8,9
PI386,*C1Cc2ccccc2C1*,3,5,9,13,17,21
PI387,*CC(OC)C1C(=O)OC(=O)C1*,3,2,3,5,8,9
PI388,*CC(OC)C(C(=O)O)C(*)C(=O)O,3,2,3,5,8,9
PI389,*CCCC=C(*)c1ccc(OC)cc1,3,2,2,2,3,3
PI390,*CCCC=C(*)c1ccccc1,3,2,2,2,3,3
PI391,*CCCC=C(*)c1ccc(Cl)cc1,3,2,2,2,3,3
PI392,*CC(*)CNc1ccc([N+](=O)[O-])cc1,3,2,3,5,8,9
PI393,*CC(*)CNc1ccc([N+](=O)[O-])cn1,3,2,3,5,8,9
PI394,*CC(*)CNc1ccc([N+](=O)[O-])cc1C,3,2,3,5,8,9
PI395,*CC(*)CNc1ccc([N+](=O)[O-])c(C(F)(F)F)c1,3,2,3,5,8,9
PI396,*CC(*)CNc1ccc([N+](=O)[O-])cc1[N+](=O)[O-],3,2,3,5,8,9
PI397,*CC1CC(*)C(OC(=O)CCCCCCCCCCOc2ccc(-c3ccc(C#N)cc3)cc2)C1OC(=O)CCCCCCCCCCOc1ccc(-c2ccc(C#N)cc2)cc1,3,2,3,3,6,6
PI398,*CC1CC(*)C(OC(=O)CCCCCCCCCCOc2ccc(-c3ccc(C#N)cc3)cc2)C1,3,2,3,3,6,6
PI399,*CCC1CC(OC(=O)CCCCCCCCCCOc2ccc(-c3ccc(C#N)cc3)cc2)CC1*,3,2,3,3,6,6
PI400,*CC(*)N1CCNC1,3,2,3,5,8,9
PI402,*CC(*)OCCCCCCCCCCCCCCCCCC,3,2,3,5,8,9
PI403,*CC(*)OC(=O)c1ccc(C#N)cc1,3,2,3,5,8,9
PI404,*CC(*)OCC(C)(C)CC(C)C,3,2,3,5,8,9
PI405,*C(F)(F)C(*)(F)OC(F)C(F)F,3,1,1,1,1,1
PI406,*CC(*)C(=O)c1ccc(Br)cc1,3,2,3,5,8,9
PI407,*CC(*)OC(=O)CC1CCCC1,3,2,3,5,8,9
PI408,*CC(*)N1CCCC1=O,3,2,3,5,8,9
PI409,*CCC1CC2C(CC(*)C2OC(=O)CCCCCCCCCCOc2ccc(-c3ccc(C#N)cc3)cc2)C1OC(=O)CCCCCCCCCCOc1ccc(-c2ccc(C#N)cc2)cc1,3,2,3,3,6,6
PI410,*CC(*)C(=O)O,4,2,3,5,8,9
PI411,*CC(*)C(=O)OC,4,2,3,5,8,9
PI412,*CC(*)C(=O)OCC,4,2,3,5,8,9
PI413,*CC(*)C(=O)OCCC,4,2,3,5,8,9
PI414,*CC(*)C(=O)OC(C)C,4,2,3,5,8,9
PI415,*CC(*)C(=O)OCCCC,4,2,3,5,8,9
PI416,*CC(*)C(=O)OCC(C)C,4,2,3,5,8,9
PI418,*CC(*)C(=O)OC(C)(C)C,4,2,3,5,8,9
PI419,*CC(*)C(=O)OCCCCCC,4,2,3,5,8,9
PI420,*CC(*)C(=O)OCCCCCCC,4,2,3,5,8,9
PI421,*CC(*)C(=O)OCCCCCCCC,4,2,3,5,8,9
PI422,*CC(*)C(=O)OCCCCCCCCCCCC,4,2,3,5,8,9
PI423,*CC(*)C(=O)OCCCCCCCCCCCCCC,4,2,3,5,8,9
PI424,*CC(*)C(=O)OCCCCCCCCCCCCCCCC,4,2,3,5,8,9
PI425,*CC(*)C(=O)OCCCCCCCCCCCCCCCCCC,4,2,3,5,8,9
PI426,*CC(*)C(=O)OCCCCCCCCCCCCCCCCCCCCCC,4,2,3,5,8,9
PI427,*CC(*)C(=O)OCC=C,4,2,3,5,8,9
PI428,*CC(*)C(=O)OC1CC2CCC1(C)C2(C)C,4,2,3,5,8,9
PI429,*CC(*)C(=O)OCC(F)(F)F,4,2,3,5,8,9
PI430,*CC(*)C(=O)OCC(F)(F)C(F)(F)F,4,2,3,5,8,9
PI431,*CC(*)C(=O)OC(C(F)(F)F)C(F)(F)F,4,2,3,5,8,9
PI432,*CC(*)C(=O)OC(F)(C(F)(F)F)C(F)(F)F,4,2,3,5,8,9
PI433,*CC(*)C(=O)OC(F)(C(F)(F)F)C(F)(F)Cl,4,2,3,5,8,9
PI434,*CC(*)C(=O)OC(F)(C(F)(F)Cl)C(F)(F)Cl,4,2,3,5,8,9
PI435,*CC(*)C(=O)OCC(F)(F)C(F)C(F)(F)F,4,2,3,5,8,9
PI436,*CC(*)C(=O)OCC(F)(F)C(F)(F)C(F)(F)F,4,2,3,5,8,9
PI437,*CC(*)(C)C(=O)OC,4,2,3,3,4,4
PI438,*CC(*)(C)C(=O)OCC,4,2,3,3,4,4
PI439,*CC(*)(C)C(=O)OCCC,4,2,3,3,4,4
PI440,*CC(*)(C)C(=O)OC(C)C,4,2,3,3,4,4
PI441,*CC(*)(C)C(=O)OCCCC,4,2,3,3,4,4
PI442,*CC(*)(C)C(=O)OC(C)CC,4,2,3,3,4,4
PI443,*CC(*)(C)C(=O)OCC(C)C,4,2,3,3,4,4
PI444,*CC(*)(C)C(=O)OC(C)(C)C,4,2,3,3,4,4
PI445,*CC(*)(C)C(=O)OCCCCCC,4,2,3,3,4,4
PI446,*CC(*)(C)C(=O)OCCCCCCCC,4,2,3,3,4,4
PI447,*CC(*)(C)C(=O)OCCCCCCCCCCCC,4,2,3,3,4,4
PI448,*CC(*)(C)C(=O)OC1CCCCC1,4,2,3,3,4,4
PI449,*CC(*)(C)C(=O)Oc1ccccc1,4,2,3,3,4,4
PI450,*CC(*)(C)C(=O)OCc1ccccc1,4,2,3,3,4,4
PI451,*CC(*)(C)C(=O)OCCBr,4,2,3,3,4,4
PI452,*CC(*)(C)C(=O)OCc1ccccc1Cl,4,2,3,3,4,4
PI453,*CC(*)(C)C(=O)OCCO,4,2,3,3,4,4
PI454,*CC(*)(C)C(=O)OCCN(C)C,4,2,3,3,4,4
PI455,*CC(*)C(N)=O,4,2,3,5,8,9
PI456,*CC(*)C(=O)NC(C)C,4,2,3,5,8,9
PI457,*CC(*)C(=O)OC(CC)CC,4,2,3,5,8,9
PI458,*CC(*)C(=O)OC1CCCCC1,4,2,3,5,8,9
PI459,*CC(*)C(=O)OCC(C)(C)C,4,2,3,5,8,9
PI460,*CC(*)C(=O)OCCC#N,4,2,3,5,8,9
PI461,*CC(*)C(=O)N1CCCCC1,4,2,3,5,8,9
PI462,*CC(*)C(=O)N1CCOCC1,4,2,3,5,8,9
PI463,*CC(*)C(=O)Oc1ccccc1,4,2,3,5,8,9
PI464,*CC(*)C(=O)Oc1ccc(OC)cc1,4,2,3,5,8,9
PI465,*CC(*)C(=O)Oc1ccccc1C(=O)OC,4,2,3,5,8,9
PI466,*CC(*)C(=O)Oc1ccccc1C(=O)OCC,4,2,3,5,8,9
PI467,*CC(*)C(=O)Oc1cccc(C(=O)OC)c1,4,2,3,5,8,9
PI468,*CC(*)C(=O)Oc1cccc(C(=O)OCC)c1,4,2,3,5,8,9
PI469,*CC(*)C(=O)Oc1ccc(C(=O)OC)cc1,4,2,3,5,8,9
PI470,*CC(*)C(=O)Oc1ccc(C(=O)OCC)cc1,4,2,3,5,8,9
PI471,*CC(*)C(=O)Oc1ccc(C(=O)OCCCC)cc1,4,2,3,5,8,9
PI472,*CC(*)C(=O)Oc1ccc(-c2ccccc2)cc1,4,2,3,5,8,9
PI473,*CC(*)C(=O)OCc1ccccc1,4,2,3,5,8,9
PI474,*CC(*)C(=O)OCCc1ccccc1,4,2,3,5,8,9
PI475,*CC(*)C(=O)Oc1cccc(N(C)C)c1,4,2,3,5,8,9
PI476,*CC(*)C(=O)Oc1ccc(C#N)cc1,4,2,3,5,8,9
PI477,*CC(*)C(=O)OCc1ccc(C#N)cc1,4,2,3,5,8,9
PI478,*CC(*)C(=O)Oc1ccc(Cl)cc1Cl,4,2,3,5,8,9
PI479,*CC(*)C(=O)Oc1c(Cl)c(Cl)c(Cl)c(Cl)c1Cl,4,2,3,5,8,9
PI480,*CC(*)C(=O)N(C)C,4,2,3,5,8,9
PI481,*CC(*)(C)C(=O)OCCOC,4,2,3,3,4,4
PI482,*CC(*)(C)C(=O)OCC(C)O,4,2,3,3,4,4
PI483,*CC(*)(C)C(=O)OCCC#N,4,2,3,3,4,4
PI485,*CC(*)(C)C(=O)OCCO[N+](=O)[O-],4,2,3,3,4,4
PI486,*CC(*)(C)C(=O)OCCS(=O)CC,4,2,3,3,4,4
PI487,*CC(*)(C)C(=O)Oc1ccc(CC#N)cc1,4,2,3,3,4,4
PI488,*CC(*)(C)C(=O)Oc1ccc(C(=O)OC)cc1,4,2,3,3,4,4
PI489,*CC(*)(CC)C(=O)OCC,4,2,3,3,4,4
PI490,*CC(*)(CC(=O)OCC)C(=O)OCC,4,2,3,3,4,4
PI491,*CC(*)(CC(=O)OCCCC)C(=O)OCCCC,4,2,3,3,4,4
PI492,*CC(*)(CC(=O)OC1CCCCC1)C(=O)OC1CCCCC1,4,2,3,3,4,4
PI493,*CC(*)(CC(=O)OCC1CCCCC1)C(=O)OCC1CCCCC1,4,2,3,3,4,4
PI494,*CC(*)(CC(=O)OCCC1CCCCC1)C(=O)OCCC1CCCCC1,4,2,3,3,4,4
PI495,*CC(*)(CC(=O)OCCCC1CCCCC1)C(=O)OCCCC1CCCCC1,4,2,3,3,4,4
PI496,*CC(*)(CC(=O)Oc1ccccc1)C(=O)Oc1ccccc1,4,2,3,3,4,4
PI497,*CC(*)(CC(=O)OCc1ccccc1)C(=O)OCc1ccccc1,4,2,3,3,4,4
PI498,*CC(*)(CC(=O)OCCc1ccccc1)C(=O)OCCc1ccccc1,4,2,3,3,4,4
PI499,*CC(*)(CC(=O)OCCCc1ccccc1)C(=O)OCCCc1ccccc1,4,2,3,3,4,4
PI500,*CC(*)(C)C(=O)Oc1ccc(C#N)cc1,4,2,3,3,4,4
PI501,*CC(*)(CC(=O)OC)C(=O)OC,4,2,3,3,4,4
PI502,*C(*)C(=O)OCC,4,2,3,4,7,7
PI503,*C(*)C(=O)OC,4,2,3,4,7,7
PI504,*C(*)C(=O)OCCC,4,2,3,4,7,7
PI505,*CC(*)(CC(=O)OCCC)C(=O)OCCC,4,2,3,3,4,4
PI506,*CC(*)C(=O)OCCO,4,2,3,5,8,9
PI507,*CC(*)(CCC(C)C(=O)OC)C(=O)OC,4,2,3,3,4,4
PI508,*CC(*)C(=O)OC1CCCCCCCCCCC1,4,2,3,5,8,9
PI509,*CC(*)Cl,5,2,3,5,8,9
PI510,*CC(*)(F)F,5,2,3,3,4,4
PI511,*CC(*)(Cl)Cl,5,2,3,3,4,4
PI512,*C(F)C(*)(F)F,5,1,1,1,1,1
PI513,*C(F)(F)C(*)(F)F,5,1,1,1,1,1
PI514,*C(F)(F)C(*)(F)Cl,5,1,1,1,1,1
PI515,*CCC=C(*)Cl,5,2,2,2,3,3
PI516,*C(F)(F)C(*)(F)C(F)(F)F,5,1,1,1,1,1
PI517,*CC/C=C(/*)C,6,2,2,2,3,3
PI518,*CC/C=C(\*)C,6,2,2,2,3,3
PI519,*CC/C=C(/*)Cl,6,2,2,2,3,3
PI520,*CC/C=C(\*)Cl,6,2,2,2,3,3
PI521,*CC(*)C=C,6,2,3,5,8,9
PI522,*CCC=C(*)C,6,2,2,2,3,3
PI524,*CCO*,7,2,2,2,3,3
PI525,*CC(C)O*,7,2,3,4,7,7
PI526,*CC(CCl)O*,7,2,3,4,7,7
PI527,*CCCCO*,7,2,2,2,3,3
PI528,*Oc1c(C)cc(*)cc1C,7,3,6,10,14,18
PI529,*Oc1c(OC)cc(*)cc1OC,7,3,6,10,14,18
PI530,*Oc1c(-c2ccccc2)cc(*)cc1-c1ccccc1,7,3,6,10,14,18
PI531,*C(=O)OCCOC(=O)c1ccc(*)o1,7,2,3,3,5,5
PI532,*CCOCCOC(=O)c1cccc(C(=O)O*)c1,7,2,3,3,6,6
PI533,*CCOc1ccc(C(=O)OCCOC(=O)c2ccc(O*)cc2)cc1,7,2,3,3,6,6
PI534,*CCCCOc1ccc(C(=O)OCCOC(=O)c2ccc(O*)cc2)cc1,7,2,3,3,6,6
PI535,*Oc1ccc(NC(=O)c2cccc(C(=O)Nc3ccc(*)cc3)c2)cc1,7,3,6,10,14,17
PI536,*Oc1ccc(S(=O)(=O)c2ccc(*)cc2)cc1,7,3,6,10,14,18
PI537,*Oc1ccc(S(=O)(=O)c2ccc(Oc3ccc(C(C)(C)c4ccc(*)cc4)cc3)cc2)cc1,7,3,6,10,14,18
PI538,*Oc1ccc(S(=O)(=O)c2ccc(Oc3ccc(Cc4ccc(*)cc4)cc3)cc2)cc1,7,3,6,10,14,18
PI539,*CC(O)COc1ccc(C(C)(C)c2ccc(O*)cc2)cc1,7,3,6,10,14,18
PI540,*CC1CC(*)OC(CCC)O1,7,5,10,14,18,23
PI541,*Oc1ccc(Oc2ccc(C(=O)c3ccc(*)cc3)cc2)cc1,7,3,6,10,14,18
PI542,*Oc1cccc(S(=O)(=O)c2ccc(*)cc2)c1,7,3,6,10,14,18
PI543,*Oc1ccc(S(=O)(=O)c2ccc(Oc3ccc(C(c4ccc(*)cc4)(C(F)(F)F)C(F)(F)F)cc3)cc2)cc1,7,3,6,10,14,18
PI544,*Oc1ccc(S(=O)(=O)c2ccc(Oc3c(C)cc(C(C)(C)c4cc(C)c(*)c(C)c4)cc3C)cc2)cc1,7,3,6,10,14,18
PI545,*Oc1ccc(S(=O)(=O)c2ccc(Oc3ccc(-c4ccc(*)cc4)cc3)cc2)cc1,7,3,6,10,14,18
PI546,*Oc1ccc(Oc2ccc(Oc3ccc(S(=O)(=O)c4ccc(*)cc4)cc3)cc2)cc1,7,3,6,10,14,18
PI547,*c1ccc(-c2nc3cc4nc(*)oc4cc3o2)cc1,7,3,6,9,12,15
PI548,*CCOCC(=O)O*,7,2,3,3,6,6
PI549,*CCOCCOC(=O)c1ccc(-c2ccc(C(=O)O*)cc2)cc1,7,2,3,3,6,6
PI550,*Oc1ccc(S(=O)(=O)c2ccc(Oc3ccc(C(=O)c4cccc(C(=O)c5ccc(*)cc5)c4)cc3)cc2)cc1,7,3,6,10,14,18
PI551,*CCCCCCOC(=O)Nc1ccc(C)c(NC(=O)OCCCCCCOc2ccc(-c3ccc(O*)cc3)cc2)c1,7,2,3,3,6,6
PI552,*CS*,8,2,2,2,3,3
PI553,*CCS*,8,2,2,2,3,3
PI554,*CCCSS*,8,2,2,2,3,3
PI555,*Sc1ccc(*)cc1,8,3,6,10,14,17
PI556,*Oc1ccc(Sc2ccc(OC(*)=O)cc2)cc1,8,3,6,10,14,18
PI557,*CCOC(=O)CCC(=O)O*,9,2,3,3,6,6
PI558,*CCCCOC(=O)CCC(=O)O*,9,2,3,3,6,6
PI560,*CCOC(=O)CCCCCCCCC(=O)O*,9,2,3,3,6,6
PI561,*CCCCCCOC(=O)CCCCCCCCC(=O)O*,9,2,3,3,6,6
PI562,*CCOC(=O)c1ccc(C(=O)O*)cc1,9,2,3,3,6,6
PI563,*CCOC(=O)c1cccc(C(=O)O*)c1,9,2,3,3,6,6
PI564,*CCCCOC(=O)c1ccc(C(=O)O*)cc1,9,2,3,3,6,6
PI565,*CCCCCCOC(=O)c1ccc(C(=O)O*)cc1,9,2,3,3,6,6
PI566,*Oc1ccc(C(C)(C)c2ccc(OC(=O)c3ccc(C(*)=O)cc3)cc2)cc1,9,3,6,10,14,18
PI567,*Oc1ccc(C(C)(C)c2ccc(OC(=O)c3cccc(C(*)=O)c3)cc2)cc1,9,3,6,10,14,18
PI568,*CCOC(=O)c1ccc2ccc(C(=O)O*)cc2c1,9,2,3,3,6,6
PI569,*CCOC(=O)c1ccc2cc(C(=O)O*)ccc2c1,9,2,3,3,6,6
PI570,*CCCCOC(=O)CCCCC(=O)O*,9,2,3,3,6,6
PI571,*Oc1ccc(C2(c3ccc(OC(=O)c4cccc(C(*)=O)c4)cc3)c3ccccc3-c3ccccc32)cc1,9,3,6,10,14,18
PI572,*CCOC(=O)c1cccc2c(C(=O)O*)cccc12,9,2,3,3,6,6
PI573,*CCOC(=O)c1ccc(C(=O)O*)c2ccccc12,9,2,3,3,6,6
PI574,*CCCCCC(=O)O*,9,2,3,3,6,6
PI576,*CCCOC(=O)c1ccc(C(=O)O*)cc1,9,2,3,3,6,6
PI577,*Oc1ccc(-c2ccc(OC(=O)CCCCCC(*)=O)cc2)cc1,9,3,6,10,14,18
PI578,*Oc1ccc(-c2ccc(OC(=O)CCCCCCC(*)=O)cc2)cc1,9,3,6,10,14,18
PI579,*Oc1ccc(-c2ccc(OC(=O)CCCCCCCC(*)=O)cc2)cc1,9,3,6,10,14,18
PI580,*Oc1ccc(-c2ccc(OC(=O)CCCCCCCCC(*)=O)cc2)cc1,9,3,6,10,14,18
PI581,*Oc1ccc(-c2ccc(OC(=O)CCCCCCCCCC(*)=O)cc2)cc1,9,3,6,10,14,18
PI582,*Oc1ccc(OC(=O)c2ccc(-c3ccc(C(*)=O)cc3)cc2)cc1C,9,3,6,10,14,18
PI583,*Oc1ccc(S(=O)(=O)c2ccc(OC(=O)c3ccc(C(*)=O)cc3)cc2)cc1,9,3,6,10,14,18
PI584,*Oc1ccc(-c2ccc(OC(=O)CCCCCCCCCCC(*)=O)cc2)cc1,9,3,6,10,14,18
PI585,*Oc1ccc(-c2ccc(OC(=O)CCCCCCCCCCCC(*)=O)cc2)cc1,9,3,6,10,14,18
PI586,*Oc1ccc(-c2ccc(OC(=O)CCCCCCCCCCCCC(*)=O)cc2)cc1,9,3,6,10,14,18
PI587,*CC1CCC(COC(=O)CCC(=O)O*)CC1,9,2,3,3,6,6
PI589,*OC(C)CC(*)=O,9,2,3,4,7,7
PI590,*OC(C)C(*)=O,9,2,3,4,7,7
PI591,*CC(C)(CCC)C(=O)O*,9,2,3,3,4,4
PI592,*Cc1ccc(-c2ccc(C(=O)O*)cc2)cc1,9,2,3,3,6,6
PI593,*CC1CCC(COC(=O)CCCCCCCCC(=O)O*)CC1,9,2,3,3,6,6
PI594,*CCCCCCCCCCOC(=O)c1ccc(C(=O)NCCNC(=O)c2ccc(C(=O)O*)cc2)cc1,9,2,3,3,6,6
PI596,*CCOC(=O)C1CCC(C(=O)O*)CC1,9,2,3,3,6,6
PI597,*CCOC(=O)c1ccc(-c2ccc(C(=O)O*)cc2)cc1,9,2,3,3,6,6
PI598,*CCCCCCOC(=O)CCCCCNC(=O)CCCCC(=O)NCCCCCC(=O)O*,9,2,3,3,6,6
PI599,*CCCCCCOC(=O)CCCCCCCC(=O)O*,9,2,3,3,6,6
PI600,*CCCCCCOC(=O)c1ccc(-c2ccc(C(=O)O*)cc2)cc1,9,2,3,3,6,6
PI602,*CC(C)(C)COC(=O)CCC(=O)O*,9,2,3,3,6,6
PI603,*Oc1ccc(C(C)(C)c2ccc(OC(=O)CCCCC(*)=O)cc2)cc1,9,3,6,10,14,18
PI604,*CCCCCCOC(=O)c1ccc2cc(C(=O)O*)ccc2c1,9,2,3,3,6,6
PI605,*CCCCCOC(=O)c1ccc2cc(C(=O)O*)ccc2c1,9,2,3,3,6,6
PI606,*CCCCOC(=O)c1ccc2cc(C(=O)O*)ccc2c1,9,2,3,3,6,6
PI607,*CCCOC(=O)c1ccc2cc(C(=O)O*)ccc2c1,9,2,3,3,6,6
PI608,*CCCCNC(=O)CCCCC(=O)N*,10,2,3,3,6,6
PI609,*CCCCCC(=O)N*,10,2,3,3,6,6
PI610,*CCCCCCNC(=O)CCCCC(=O)N*,10,2,3,3,6,6
PI611,*CCCCCCNC(=O)CCCCCCCCC(=O)N*,10,2,3,3,6,6
PI612,*CCCCCCC(=O)N*,10,2,3,3,6,6
PI613,*CCCCCCCC(=O)N*,10,2,3,3,6,6
PI614,*CCCCCCCCNC(=O)CCCCCCCCC(=O)N*,10,2,3,3,6,6
PI615,*CCCCCCCCC(=O)N*,10,2,3,3,6,6
PI616,*CCCCCCCCCC(=O)N*,10,2,3,3,6,6
PI617,*CCCCCCCCCCC(=O)N*,10,2,3,3,6,6
PI618,*CCCCCCCCCCCC(=O)N*,10,2,3,3,6,6
PI619,*CCCCCCCCCCCCC(=O)N*,10,2,3,3,6,6
PI620,*CCCCCCNC(=O)Cc1ccc(C(=O)N*)cc1,10,2,3,3,6,6
PI621,*NC(=O)c1cccc(C(=O)Nc2ccc(-c3ccc(*)cc3)cc2)c1,10,3,6,10,14,17
PI622,*CCCCCCNC(=O)c1cccc(C(=O)N*)c1,10,2,3,3,6,6
PI623,*CCCNC(=O)Cc1ccc(C(=O)N*)cc1,10,2,3,3,6,6
PI624,*NC1CC(C)(C)CC(C)(CNC(=O)CCCCC(*)=O)C1,10,2,3,3,6,6
PI625,*Cc1cccc(CNC(=O)CCCCC(=O)N*)c1,10,2,3,3,6,6
PI626,*NC(=O)c1ccc(C(=O)Nc2ccc(*)cc2)cc1,10,3,6,10,14,17
PI627,*NC(=O)c1ccc(C(=O)Nc2ccc(-c3ccc(*)cc3)cc2)cc1,10,3,6,10,14,17
PI628,*CCCCCCNC(=O)c1ccc(C(=O)N*)cc1,10,2,3,3,6,6
PI629,*CCCCCCCCCNC(=O)c1ccc(C(=O)N*)cc1,10,2,3,3,6,6
PI630,*c1ccc(NC(=O)CCCCC(=O)Nc2ccc(S(*)(=O)=O)cc2)cc1,10,3,6,10,14,17
PI631,*CC(=O)N*,10,2,3,3,6,6
PI632,*NC(CCC(=O)OC)C(*)=O,10,2,3,4,7,7
PI633,*C(=O)CCCCCCCCC(=O)N1CCN(*)CC1,10,2,3,3,6,6
PI634,*CCCC(=O)N*,10,2,3,3,6,6
PI635,*CCCCNC(=O)CCCCCCC(=O)N*,10,2,3,3,6,6
PI636,*CCCCNC(=O)CCCCCCCCC(=O)N*,10,2,3,3,6,6
PI637,*CCCCCCCCCCCNC(=O)CCCCC(=O)N*,10,2,3,3,6,6
PI638,*CCCCCCCCCCCCNC(=O)CCCCCCCCCCC(=O)N*,10,2,3,3,6,6
PI639,*CCCCCCNC(=O)c1ccc(-c2ccc(C(=O)N*)cc2)cc1,10,2,3,3,6,6
PI640,*CCCCCCNC(=O)c1ccc(C(C)(C)c2ccc(C(=O)N*)cc2)cc1,10,2,3,3,6,6
PI641,*CCCCCCCCCCC(=O)N(*)C,10,2,3,3,6,6
PI642,*CCCCCCNC(=O)CCCCC(=O)N(*)C,10,2,3,3,6,6
PI643,*CCCCCCN(C)C(=O)CCCCC(=O)N(*)C,10,2,3,3,6,6
PI644,*C(=O)C1CCCN1*,10,5,10,15,20,25
PI645,*NC(CCC(=O)OCc1ccccc1)C(*)=O,10,2,3,4,7,7
PI646,*NC(C)C(*)=O,10,2,3,4,7,7
PI648,*NC1CCC(CC2CCC(NC(=O)CCCCCCCCCCCCC(*)=O)CC2)CC1,10,2,3,3,6,6
PI649,*NC(CCC(=O)OCCCCC)C(*)=O,10,2,3,4,7,7
PI651,*NC(CCC(=O)OCCCCCC)C(*)=O,10,2,3,4,7,7
PI652,*NC(CCC(=O)OCC)C(*)=O,10,2,3,4,7,7
PI653,*NC(CCC(=O)OCCC)C(*)=O,10,2,3,4,7,7
PI654,*CCCCN(C)C(=O)c1ccc(C(=O)N(*)C)cc1,10,2,3,3,6,6
PI655,*CCCCCCNC(=O)c1ccc(C2(C)CC(C)(C)c3ccc(C(=O)N*)cc32)cc1,10,2,3,3,6,6
PI656,*CCCCCNC(=O)O*,11,2,3,3,6,6
PI657,*CCCCOC(=O)NCCCCCCNC(=O)O*,11,2,3,3,6,6
PI658,*CCCCOC(=O)NCC(F)(F)C(F)(F)C(F)(F)C(F)(F)CNC(=O)O*,11,2,3,3,6,6
PI659,*CCCCCCOC(=O)Nc1ccc(Cc2ccc(NC(=O)O*)cc2)cc1,11,2,3,3,6,6
PI660,*Cc1cccc(COC(=O)Nc2ccc(Cc3ccc(NC(=O)O*)cc3)cc2)c1,11,2,3,3,6,6
PI661,*CCOC(=O)Nc1ccc(NC(=O)O*)cc1,11,2,3,3,6,6
PI662,*CCOC(=O)Nc1cccc(NC(=O)O*)c1,11,2,3,3,6,6
PI663,*CCCCCCOC(=O)Nc1ccc(NC(=O)O*)cc1,11,2,3,3,6,6
PI664,*CCOC(=O)Nc1ccc(-c2ccc(NC(=O)O*)cc2)cc1,11,2,3,3,6,6
PI665,*CCOC(=O)Nc1cccc2c(NC(=O)O*)cccc12,11,2,3,3,6,6
PI666,*CCCCCCNC(=O)N*,12,2,3,3,6,6
PI667,*CCCCCCNC(=O)NCc1ccc(CNC(=O)N*)cc1,12,2,3,3,6,6
PI668,*NC(=O)NCCCCCCNC(=O)Nc1ccc(Cc2ccc(*)cc2)cc1,12,3,6,10,14,17
PI669,*NC(=O)Nc1ccc(Cc2ccc(*)cc2)cc1,12,3,6,10,14,17
PI670,*NC(=O)NCCCCCCNC(=O)NCCCCC(*)C(=O)OC,12,2,3,4,7,7
PI671,*c1ccc(Oc2ccc(-n3c(=O)c4cc5c(=O)n(*)c(=O)c5cc4c3=O)cc2)cc1,13,3,6,10,13,16
PI672,*c1ccc(Oc2ccc(Oc3ccc(-n4c(=O)c5cc6c(=O)n(*)c(=O)c6cc5c4=O)cc3)cc2)cc1,13,3,6,10,13,16
PI673,*C(=O)Oc1ccc(OC(=O)c2ccc3c(c2)C(=O)N(c2ccc(Oc4ccc(N5C(=O)c6ccc(*)cc6C5=O)cc4)cc2)C3=O)cc1,13,3,6,10,13,16
PI674,*c1ccc(Sc2ccc(-n3c(=O)c4cc5c(=O)n(*)c(=O)c5cc4c3=O)cc2)cc1,13,3,6,10,13,16
PI675,*CCCCCCCCCn1c(=O)c2cc3c(=O)n(*)c(=O)c3cc2c1=O,13,3,6,10,13,16
PI676,*c1ccc2c(c1)Cc1cc(-n3c(=O)c4cc5c(=O)n(*)c(=O)c5cc4c3=O)ccc1-2,13,3,6,10,13,16
PI677,*c1ccc(Oc2ccc(N3C(=O)c4ccc(Oc5ccc6c(c5)C(=O)N(*)C6=O)cc4C3=O)cc2)cc1,13,3,6,10,13,16
PI678,*C(=O)Nc1ccc(NC(=O)c2ccc3c(c2)C(=O)N(c2ccc(S(=O)(=O)c4ccc(N5C(=O)c6ccc(*)cc6C5=O)cc4)cc2)C3=O)cc1,13,3,6,10,13,16
PI679,*c1ccc2c(c1)C(=O)N(c1ccc(Cc3ccc(N4C(=O)c5ccc(C(F)(F)C(F)(F)C(*)(F)F)cc5C4=O)cc3)cc1)C2=O,13,3,6,10,13,16
PI680,*c1ccc2c(c1)C(=O)N(c1ccc(Oc3ccc(N4C(=O)c5ccc(C(F)(F)C(F)(F)C(*)(F)F)cc5C4=O)cc3)cc1)C2=O,13,3,6,10,13,16
PI681,*C(=O)Nc1ccc(Oc2ccc(NC(=O)c3ccc4c(c3)C(=O)N(c3ccc(S(=O)(=O)c5ccc(N6C(=O)c7ccc(*)cc7C6=O)cc5)cc3)C4=O)cc2)cc1,13,3,6,10,13,16
PI683,*c1ccc(-c2ccc(-c3ccc(-n4c(=O)c5cc6c(=O)n(*)c(=O)c6cc5c4=O)cc3)cc2)cc1,13,3,6,10,13,16
PI684,*c1ccc(Cc2ccc(-n3c(=O)c4cc5c(=O)n(*)c(=O)c5cc4c3=O)c(C)c2)cc1C,13,3,6,10,13,16
PI685,*c1ccc(-n2c(=O)c3cc4c(=O)n(*)c(=O)c4cc3c2=O)cc1,13,3,6,10,13,16
PI686,*c1ccc(-c2ccc(-n3c(=O)c4cc5c(=O)n(*)c(=O)c5cc4c3=O)cc2)cc1,13,3,6,10,13,16
PI687,*c1ccc(-c2ccc(-n3c(=O)c4cc5c(=O)n(*)c(=O)c5cc4c3=O)c(C)c2)cc1C,13,3,6,10,13,16
PI688,*c1ccc(-c2ccc(-n3c(=O)c4cc5c(=O)n(*)c(=O)c5cc4c3=O)c(OC)c2)cc1OC,13,3,6,10,13,16
PI689,*c1cccc(-n2c(=O)c3cc4c(=O)n(*)c(=O)c4cc3c2=O)c1,13,3,6,10,13,16
PI690,*c1ccc(-n2c(=O)c3cc4c(=O)n(*)c(=O)c4cc3c2=O)c(C)c1,13,3,6,10,13,16
PI691,*c1cccc(-n2c(=O)c3cc4c(=O)n(*)c(=O)c4cc3c2=O)c1C,13,3,6,10,13,16
PI692,*c1c(C)c(C)c(-n2c(=O)c3cc4c(=O)n(*)c(=O)c4cc3c2=O)c(C)c1C,13,3,6,10,13,16
PI694,*c1ccc(Oc2cccc(Oc3ccc(-n4c(=O)c5cc6c(=O)n(*)c(=O)c6cc5c4=O)cc3)c2)cc1,13,3,6,10,13,16
PI695,*c1ccc(Oc2ccc(-c3ccc(Oc4ccc(-n5c(=O)c6cc7c(=O)n(*)c(=O)c7cc6c5=O)cc4)cc3)cc2)cc1,13,3,6,10,13,16
PI696,*c1cccc(Oc2ccc(S(=O)(=O)c3ccc(Oc4cccc(-n5c(=O)c6cc7c(=O)n(*)c(=O)c7cc6c5=O)c4)cc3)cc2)c1,13,3,6,10,13,16
PI697,*c1ccc(Oc2ccc(C(c3ccc(Oc4ccc(-n5c(=O)c6cc7c(=O)n(*)c(=O)c7cc6c5=O)cc4)cc3)(C(F)(F)F)C(F)(F)F)cc2)cc1,13,3,6,10,13,16
PI698,*c1ccc(Oc2ccc(C(C)(C)c3ccc(Oc4ccc(-n5c(=O)c6cc7c(=O)n(*)c(=O)c7cc6c5=O)cc4)cc3)cc2)cc1,13,3,6,10,13,16
PI699,*c1ccc(Oc2ccc(N3C(=O)c4ccc(-c5ccc6c(c5)C(=O)N(*)C6=O)cc4C3=O)cc2)cc1,13,3,6,10,13,16
PI700,*c1ccc(Oc2ccc(N3C(=O)c4ccc(-c5cccc6c5C(=O)N(*)C6=O)cc4C3=O)cc2)cc1,13,3,6,10,13,16
PI701,*c1ccc(Sc2ccc(N3C(=O)c4ccc(-c5ccc6c(c5)C(=O)N(*)C6=O)cc4C3=O)cc2)cc1,13,3,6,10,13,16
PI702,*c1ccc(Cc2ccc(N3C(=O)c4ccc(-c5ccc6c(c5)C(=O)N(*)C6=O)cc4C3=O)cc2)cc1,13,3,6,10,13,16
PI703,*c1ccc2c(c1)Cc1cc(N3C(=O)c4ccc(-c5ccc6c(c5)C(=O)N(*)C6=O)cc4C3=O)ccc1-2,13,3,6,10,13,16
PI704,*c1ccc(-c2ccc(N3C(=O)c4ccc(-c5ccc6c(c5)C(=O)N(*)C6=O)cc4C3=O)cc2)cc1,13,3,6,10,13,16
PI705,*c1ccc(N2C(=O)c3ccc(-c4ccc5c(c4)C(=O)N(*)C5=O)cc3C2=O)cc1,13,3,6,10,13,16
PI706,*c1cccc(N2C(=O)c3ccc(-c4ccc5c(c4)C(=O)N(*)C5=O)cc3C2=O)c1,13,3,6,10,13,16
PI707,*c1ccc(C)c(N2C(=O)c3ccc(-c4ccc5c(c4)C(=O)N(*)C5=O)cc3C2=O)c1,13,3,6,10,13,16
PI708,*c1ccc(N2C(=O)c3ccc(-c4ccc5c(c4)C(=O)N(*)C5=O)cc3C2=O)c(C)c1,13,3,6,10,13,16
PI709,*c1cccc(N2C(=O)c3ccc(-c4ccc5c(c4)C(=O)N(*)C5=O)cc3C2=O)c1C,13,3,6,10,13,16
PI710,*c1ccc(-c2ccc(N3C(=O)c4ccc(-c5ccc6c(c5)C(=O)N(*)C6=O)cc4C3=O)c(C)c2)cc1C,13,3,6,10,13,16
PI711,*c1ccc(-c2ccc(N3C(=O)c4ccc(-c5ccc6c(c5)C(=O)N(*)C6=O)cc4C3=O)c(OC)c2)cc1OC,13,3,6,10,13,16
PI712,*c1ccc(-c2ccc(-c3ccc(N4C(=O)c5ccc(-c6ccc7c(c6)C(=O)N(*)C7=O)cc5C4=O)cc3)cc2)cc1,13,3,6,10,13,16
PI713,*c1cccc2c(N3C(=O)c4ccc(-c5ccc6c(c5)C(=O)N(*)C6=O)cc4C3=O)cccc12,13,3,6,10,13,16
PI714,*c1ccc(Cc2ccc(N3C(=O)c4ccc(-c5ccc6c(c5)C(=O)N(*)C6=O)cc4C3=O)c(C)c2)cc1C,13,3,6,10,13,16
PI715,*c1ccc(N2C(=O)c3ccc(-c4ccc5c(c4)C(=O)N(*)C5=O)cc3C2=O)nc1,13,3,6,10,13,16
PI716,*c1ccc(Oc2ccc(-c3ccc(Oc4ccc(N5C(=O)c6ccc(-c7ccc8c(c7)C(=O)N(*)C8=O)cc6C5=O)cc4)cc3)cc2)cc1,13,3,6,10,13,16
PI717,*c1ccc(Oc2ccc(C(C)(C)c3ccc(Oc4ccc(N5C(=O)c6ccc(-c7ccc8c(c7)C(=O)N(*)C8=O)cc6C5=O)cc4)cc3)cc2)cc1,13,3,6,10,13,16
PI718,*c1ccc(Oc2ccc(C(c3ccc(Oc4ccc(N5C(=O)c6ccc(-c7ccc8c(c7)C(=O)N(*)C8=O)cc6C5=O)cc4)cc3)(C(F)(F)F)C(F)(F)F)cc2)cc1,13,3,6,10,13,16
PI719,*c1cccc(Oc2ccc(S(=O)(=O)c3ccc(Oc4cccc(N5C(=O)c6ccc(-c7ccc8c(c7)C(=O)N(*)C8=O)cc6C5=O)c4)cc3)cc2)c1,13,3,6,10,13,16
PI720,*CCCCCCN1C(=O)c2ccc(Oc3ccc4c(c3)C(=O)N(*)C4=O)cc2C1=O,13,3,6,10,13,16
PI721,*c1ccc(N2C(=O)c3ccc(Oc4ccc5c(c4)C(=O)N(*)C5=O)cc3C2=O)cc1,13,3,6,10,13,16
PI722,*c1ccc(-c2ccc(N3C(=O)c4ccc(Oc5ccc6c(c5)C(=O)N(*)C6=O)cc4C3=O)cc2)cc1,13,3,6,10,13,16
PI723,*c1cccc(Oc2ccc(N3C(=O)c4ccc(Oc5ccc6c(c5)C(=O)N(*)C6=O)cc4C3=O)cc2)c1,13,3,6,10,13,16
PI724,*c1ccc(Oc2cccc(Oc3ccc(N4C(=O)c5ccc(Oc6ccc7c(c6)C(=O)N(*)C7=O)cc5C4=O)cc3)c2)cc1,13,3,6,10,13,16
PI725,*c1ccc(Oc2ccc(Oc3ccc(N4C(=O)c5ccc(Oc6ccc7c(c6)C(=O)N(*)C7=O)cc5C4=O)cc3)cc2)cc1,13,3,6,10,13,16
PI726,*c1cccc(Oc2ccc(N3C(=O)c4ccc(C(c5ccc6c(c5)C(=O)N(*)C6=O)(C(F)(F)F)C(F)(F)F)cc4C3=O)cc2)c1,13,3,6,10,13,16
PI727,*c1ccc(Oc2ccc(N3C(=O)c4ccc(C(c5ccc6c(c5)C(=O)N(*)C6=O)(C(F)(F)F)C(F)(F)F)cc4C3=O)cc2)cc1,13,3,6,10,13,16
PI728,*c1ccc(Oc2ccc(Oc3ccc(N4C(=O)c5ccc(C(c6ccc7c(c6)C(=O)N(*)C7=O)(C(F)(F)F)C(F)(F)F)cc5C4=O)cc3)cc2)cc1,13,3,6,10,13,16
PI729,*c1ccc2c(c1)C(=O)N(c1ccc(Oc3cccc(Oc4ccc(N5C(=O)c6ccc(C(*)(C(F)(F)F)C(F)(F)F)cc6C5=O)cc4)c3)cc1)C2=O,13,3,6,10,13,16
PI730,*c1ccc2c(c1)C(=O)N(c1cccc(Oc3cccc(Oc4cccc(N5C(=O)c6ccc(C(*)(C(F)(F)F)C(F)(F)F)cc6C5=O)c4)c3)c1)C2=O,13,3,6,10,13,16
PI731,*C(=O)c1ccc2c(c1)C(=O)N(c1cccc(C(=O)c3cccc(N4C(=O)c5ccc(*)cc5C4=O)c3)c1)C2=O,13,3,6,10,13,16
PI732,*C(=O)c1ccc2c(c1)C(=O)N(c1cccc(C(=O)Nc3cccc(N4C(=O)c5ccc(*)cc5C4=O)c3)c1)C2=O,13,3,6,10,13,16
PI733,*C(=O)c1ccc2c(c1)C(=O)N(c1cccc(C(=O)Nc3ccc(N4C(=O)c5ccc(*)cc5C4=O)cc3)c1)C2=O,13,3,6,10,13,16
PI734,*C(=O)c1ccc2c(c1)C(=O)N(c1ccc(C(=O)Nc3cccc(N4C(=O)c5ccc(*)cc5C4=O)c3)cc1)C2=O,13,3,6,10,13,16
PI735,*C(=O)c1ccc2c(c1)C(=O)N(c1cccc(C(=O)N(C)c3ccc(N4C(=O)c5ccc(*)cc5C4=O)cc3)c1)C2=O,13,3,6,10,13,16
PI736,*C(=O)c1ccc2c(c1)C(=O)N(c1ccc(Oc3ccc(C(=O)c4cccc(C(=O)c5ccc(Oc6ccc(N7C(=O)c8ccc(*)cc8C7=O)cc6)cc5)c4)cc3)cc1)C2=O,13,3,6,10,13,16
PI737,*c1cccc(N2C(=O)c3ccc(C(=O)c4ccc5c(c4)C(=O)N(*)C5=O)cc3C2=O)c1,13,3,6,10,13,16
PI738,*C(=O)c1ccc2c(c1)C(=O)N(c1ccc(C)c(N3C(=O)c4ccc(*)cc4C3=O)c1)C2=O,13,3,6,10,13,16
PI739,*C(=O)c1ccc2c(c1)C(=O)N(c1ccc(N3C(=O)c4ccc(*)cc4C3=O)c(C)c1)C2=O,13,3,6,10,13,16
PI740,*C(=O)c1ccc2c(c1)C(=O)N(c1cccc(N3C(=O)c4ccc(*)cc4C3=O)c1C)C2=O,13,3,6,10,13,16
PI741,*C(=O)c1ccc2c(c1)C(=O)N(c1c(C)c(C)c(N3C(=O)c4ccc(*)cc4C3=O)c(C)c1C)C2=O,13,3,6,10,13,16
PI742,*C(=O)c1ccc2c(c1)C(=O)N(c1ccc(-c3ccc(N4C(=O)c5ccc(*)cc5C4=O)c(C)c3)cc1C)C2=O,13,3,6,10,13,16
PI743,*C(=O)c1ccc2c(c1)C(=O)N(c1ccc(-c3ccc(N4C(=O)c5ccc(*)cc5C4=O)c(OC)c3)cc1OC)C2=O,13,3,6,10,13,16
PI744,*C(=O)c1ccc2c(c1)C(=O)N(c1ccc(-c3ccc(-c4ccc(N5C(=O)c6ccc(*)cc6C5=O)cc4)cc3)cc1)C2=O,13,3,6,10,13,16
PI745,*C(=O)c1ccc2c(c1)C(=O)N(c1ccc3c(c1)Cc1cc(N4C(=O)c5ccc(*)cc5C4=O)ccc1-3)C2=O,13,3,6,10,13,16
PI746,*c1ccc(Oc2ccc(N3C(=O)c4ccc(C(=O)c5ccc6c(c5)C(=O)N(*)C6=O)cc4C3=O)cc2)cc1,13,3,6,10,13,16
PI747,*C(=O)c1ccc2c(c1)C(=O)N(c1ccc(Sc3ccc(N4C(=O)c5ccc(*)cc5C4=O)cc3)cc1)C2=O,13,3,6,10,13,16
PI748,*C(=O)c1ccc2c(c1)C(=O)N(c1ccc(Cc3ccc(N4C(=O)c5ccc(*)cc5C4=O)cc3)cc1)C2=O,13,3,6,10,13,16
PI749,*C(=O)c1ccc2c(c1)C(=O)N(c1ccc(Cc3ccc(N4C(=O)c5ccc(*)cc5C4=O)c(C)c3)cc1C)C2=O,13,3,6,10,13,16
PI750,*C(=O)c1ccc2c(c1)C(=O)N(c1ccc(N3C(=O)c4ccc(*)cc4C3=O)nc1)C2=O,13,3,6,10,13,16
PI751,*C(=O)c1ccc2c(c1)C(=O)N(c1ccc(-c3ccc(N4C(=O)c5ccc(*)cc5C4=O)cc3)cc1)C2=O,13,3,6,10,13,16
PI752,*c1ccc(N2C(=O)c3ccc(C(=O)c4ccc5c(c4)C(=O)N(*)C5=O)cc3C2=O)cc1,13,3,6,10,13,16
PI753,*C(=O)c1ccc2c(c1)C(=O)N(c1cccc(OCCOCCOc3cccc(N4C(=O)c5ccc(*)cc5C4=O)c3)c1)C2=O,13,3,6,10,13,16
PI754,*C(=O)c1ccc2c(c1)C(=O)N(c1ccc(Oc3ccc(-c4ccc(Oc5ccc(N6C(=O)c7ccc(*)cc7C6=O)cc5)cc4)cc3)cc1)C2=O,13,3,6,10,13,16
PI755,*c1ccc(Oc2ccc(C(C)(C)c3ccc(Oc4ccc(N5C(=O)c6ccc(C(=O)c7ccc8c(c7)C(=O)N(*)C8=O)cc6C5=O)cc4)cc3)cc2)cc1,13,3,6,10,13,16
PI756,*C(=O)c1ccc2c(c1)C(=O)N(c1ccc(Oc3ccc(C(c4ccc(Oc5ccc(N6C(=O)c7ccc(*)cc7C6=O)cc5)cc4)(C(F)(F)F)C(F)(F)F)cc3)cc1)C2=O,13,3,6,10,13,16
PI758,*c1cccc(S(=O)(=O)c2cccc(N3C(=O)c4ccc(Oc5ccc(S(=O)(=O)c6ccc(Oc7ccc8c(c7)C(=O)N(*)C8=O)cc6)cc5)cc4C3=O)c2)c1,13,3,6,10,13,16
PI759,*c1cccc(N2C(=O)c3ccc(Oc4ccc(C(C)(C)c5ccc(Oc6ccc7c(c6)C(=O)N(*)C7=O)cc5)cc4)cc3C2=O)c1,13,3,6,10,13,16
PI760,*c1cccc(N2C(=O)c3ccc(Oc4ccc(S(=O)(=O)c5ccc(Oc6ccc7c(c6)C(=O)N(*)C7=O)cc5)cc4)cc3C2=O)c1,13,3,6,10,13,16
PI761,*c1ccc(Oc2ccc(N3C(=O)c4ccc(Oc5ccc(S(=O)(=O)c6ccc(Oc7ccc8c(c7)C(=O)N(*)C8=O)cc6)cc5)cc4C3=O)cc2)cc1,13,3,6,10,13,16
PI762,*c1ccc2c(c1)C(=O)N(c1ccc(Cc3ccc(N4C(=O)c5ccc(C(*)(C(F)(F)F)C(F)(F)F)cc5C4=O)cc3)cc1)C2=O,13,3,6,10,13,16
PI763,*c1ccc2c(c1)C(=O)N(c1ccc(C(C)(C)c3ccc(N4C(=O)c5ccc(C(*)(C(F)(F)F)C(F)(F)F)cc5C4=O)cc3)cc1)C2=O,13,3,6,10,13,16
PI764,*C(=O)NCCNC(=O)c1ccc(N2C(=O)c3ccc(*)cc3C2=O)cc1,13,3,6,10,13,16
PI765,*C(=O)NCCCCCCNC(=O)c1ccc(N2C(=O)c3ccc(*)cc3C2=O)cc1,13,3,6,10,13,16
PI766,*C(=O)Nc1ccc(Cc2ccc(NC(=O)c3ccc(N4C(=O)c5ccc(*)cc5C4=O)cc3)cc2)cc1,13,3,6,10,13,16
PI767,*C(=O)NC1CCC(CC2CCC(NC(=O)c3ccc(N4C(=O)c5ccc(*)cc5C4=O)cc3)CC2)CC1,13,3,6,10,13,16
PI768,*c1cccc(N2C(=O)c3ccc(Oc4ccc5c(c4)C(=O)N(*)C5=O)cc3C2=O)c1,13,3,6,10,13,16
PI769,*c1ccc(Cc2ccc(N3C(=O)c4ccc(Oc5ccc6c(c5)C(=O)N(*)C6=O)cc4C3=O)cc2)cc1,13,3,6,10,13,16
PI770,*c1ccc(Oc2ccc(N3C(=O)c4ccc(Oc5ccc(C(c6ccc(Oc7ccc8c(c7)C(=O)N(*)C8=O)cc6)(C(F)(F)F)C(F)(F)F)cc5)cc4C3=O)cc2)cc1,13,3,6,10,13,16
PI771,*c1cccc(Oc2ccc(N3C(=O)c4ccc(-c5ccc6c(c5)C(=O)N(*)C6=O)cc4C3=O)cc2)c1,13,3,6,10,13,16
PI772,*C(=O)Nc1ccccc1NC(=O)c1ccc(N2C(=O)c3ccc(*)cc3C2=O)cc1,13,3,6,10,13,16
PI773,*C(=O)Nc1cccc(NC(=O)/C=C/c2cccc(N3C(=O)c4ccc(*)cc4C3=O)c2)c1,13,3,6,10,13,16
PI774,*C(=O)Nc1cccc(/C=C/C(=O)/C=C/c2cccc(NC(=O)c3ccc(N4C(=O)c5ccc(*)cc5C4=O)cc3)c2)c1,13,3,6,10,13,16
PI775,*c1ccc2c(c1)C(=O)N(c1ccc(Oc3ccc(N4C(=O)c5ccc(C(C)(C)CCCCC(*)(C)C)cc5C4=O)cc3)cc1)C2=O,13,3,6,10,13,16
PI776,*c1ccc(Oc2cccc3c(Oc4ccc(-n5c(=O)c6cc7c(=O)n(*)c(=O)c7cc6c5=O)cc4)cccc23)cc1,13,3,6,10,13,16
PI777,*c1ccc(Oc2cccc3c(Oc4ccc(N5C(=O)c6ccc(Oc7ccc8c(c7)C(=O)N(*)C8=O)cc6C5=O)cc4)cccc23)cc1,13,3,6,10,13,16
PI778,*C(=O)c1ccc2c(c1)C(=O)N(c1ccc(Oc3cccc4c(Oc5ccc(N6C(=O)c7ccc(*)cc7C6=O)cc5)cccc34)cc1)C2=O,13,3,6,10,13,16
PI779,*c1ccc2c(c1)C(=O)N(c1ccc(Oc3ccc(C(c4ccc(Oc5ccc(N6C(=O)c7ccc(C(*)(C(F)(F)F)C(F)(F)F)cc7C6=O)cc5)cc4)(C(F)(F)F)C(F)(F)F)cc3)cc1)C2=O,13,3,6,10,13,16
PI780,*c1ccc(N2C(=O)c3ccc(C(c4ccc5c(c4)C(=O)N(*)C5=O)(C(F)(F)F)C(F)(F)F)cc3C2=O)cc1,13,3,6,10,13,16
PI781,*c1ccc2c(c1)C(=O)N(c1ccc(C(c3ccc(N4C(=O)c5ccc(C(*)(C(F)(F)F)C(F)(F)F)cc5C4=O)cc3)(C(F)(F)F)C(F)(F)F)cc1)C2=O,13,3,6,10,13,16
PI782,*c1ccc2c(c1)C(=O)N(c1c(C)cc(C)c(N3C(=O)c4ccc(C(*)(C(F)(F)F)C(F)(F)F)cc4C3=O)c1C)C2=O,13,3,6,10,13,16
PI783,*c1ccc2c(c1)C(=O)N(c1c(C)c(C)c(N3C(=O)c4ccc(C(*)(C(F)(F)F)C(F)(F)F)cc4C3=O)c(C)c1C)C2=O,13,3,6,10,13,16
PI784,*c1ccc(Oc2cc3ccccc3cc2Oc2ccc(N3C(=O)c4ccc(-c5ccc6c(c5)C(=O)N(*)C6=O)cc4C3=O)cc2)cc1,13,3,6,10,13,16
PI785,*c1ccc(Oc2cc3ccccc3cc2Oc2ccc(N3C(=O)c4ccc(Oc5ccc6c(c5)C(=O)N(*)C6=O)cc4C3=O)cc2)cc1,13,3,6,10,13,16
PI786,*C(=O)c1ccc2c(c1)C(=O)N(c1ccc(Oc3cc4ccccc4cc3Oc3ccc(N4C(=O)c5ccc(*)cc5C4=O)cc3)cc1)C2=O,13,3,6,10,13,16
PI787,*c1ccc(Oc2cc3ccccc3cc2Oc2ccc(N3C(=O)c4ccc(S(=O)(=O)c5ccc6c(c5)C(=O)N(*)C6=O)cc4C3=O)cc2)cc1,13,3,6,10,13,16
PI788,*c1ccc(C(c2ccccc2)(c2ccc(-n3c(=O)c4cc5c(=O)n(*)c(=O)c5cc4c3=O)cc2)C(F)(F)F)cc1,13,3,6,10,13,16
PI789,*c1ccc(N2C(=O)c3ccc(-c4cccc5c4C(=O)N(*)C5=O)cc3C2=O)cc1,13,3,6,10,13,16
PI790,*CC1(C)CC(*)(C)C(=O)OC1=O,14,5,8,12,16,20
PI791,*CCCCCCOC(=O)O*,15,2,3,3,6,6
PI792,*CC(F)(F)C(F)(F)C(F)(F)C(F)(F)COC(=O)O*,15,2,3,3,6,6
PI793,*Oc1ccc(C(C)(C)c2ccc(OC(*)=O)cc2)cc1,15,3,6,10,14,18
PI794,*Oc1ccc(C(C)(CCC)c2ccc(OC(*)=O)cc2)cc1,15,3,6,10,14,18
PI795,*Oc1ccc(C(C)(C)c2ccc(OC(*)=O)c(C)c2)cc1C,15,3,6,10,14,18
PI796,*Oc1c(Cl)cc(C(C)(C)c2cc(Cl)c(OC(*)=O)c(Cl)c2)cc1Cl,15,3,6,10,14,18
PI797,*Oc1c(Br)cc(C(C)(C)c2cc(Br)c(OC(*)=O)c(Br)c2)cc1Br,15,3,6,10,14,18
PI798,*Oc1ccc(C(C)(c2ccccc2)c2ccc(OC(*)=O)cc2)cc1,15,3,6,10,14,18
PI799,*Oc1ccc(C(CCC)(CCC)c2ccc(OC(*)=O)cc2)cc1,15,3,6,10,14,18
PI800,*Oc1ccc(C2(c3ccc(OC(*)=O)cc3)CCCC2)cc1,15,3,6,10,14,18
PI801,*Oc1ccc(C2(c3ccc(OC(*)=O)cc3)CCCCC2)cc1,15,3,6,10,14,18
PI802,*Oc1ccc(C2(c3ccc(OC(*)=O)c(C)c3)CCCCC2)cc1C,15,3,6,10,14,18
PI803,*Oc1ccc(C2(c3ccc(OC(*)=O)cc3)c3ccccc3-c3ccccc32)cc1,15,3,6,10,14,18
PI804,*Oc1ccc(C(c2ccccc2)(c2ccccc2)c2ccc(OC(*)=O)cc2)cc1,15,3,6,10,14,18
PI805,*Oc1ccc(C(c2ccc(OC(*)=O)cc2)(C(F)(F)F)C(F)(F)F)cc1,15,3,6,10,14,18
PI806,*Oc1ccc(C(C#N)(c2ccccc2)c2ccc(OC(*)=O)cc2)cc1,15,3,6,10,14,18
PI807,*Oc1c(C)cc(C(C)(C)c2cc(C)c(OC(*)=O)c(C)c2)cc1C,15,3,6,10,14,18
PI808,*Oc1ccc(C(C)(C)c2ccc(C(C)(C)c3ccc(OC(*)=O)c(C)c3)cc2)cc1C,15,3,6,10,14,18
PI809,*Oc1cccc(CCCCCCCCCCc2cccc(OC(*)=O)c2)c1,15,3,6,10,14,18
PI810,*Oc1ccc(C(C)(C)c2ccc(OC(*)=O)c(C(C)C)c2)cc1C(C)C,15,3,6,10,14,18
PI811,*Oc1ccc(C(=O)CCCCCCCCC(=O)c2ccc(OC(*)=O)cc2)cc1,15,3,6,10,14,18
PI812,*Oc1ccc(S(=O)(=O)c2ccc(OC(*)=O)cc2)cc1,15,3,6,10,14,18
PI813,*Cc1ccc(COC(=O)O*)cc1,15,2,3,3,6,6
PI814,*Oc1ccc(C(=C(Cl)Cl)c2ccc(OC(*)=O)cc2)cc1,15,3,6,10,14,18
PI815,*Oc1ccc(OC(=O)Oc2ccc(-c3ccc(OC(*)=O)cc3)cc2)cc1,15,3,6,10,14,18
PI816,*Oc1ccc2ccc(OC(=O)Oc3ccc(OC(*)=O)cc3)cc2c1,15,3,6,10,14,18
PI817,*Oc1cccc2c(OC(=O)Oc3ccc(OC(*)=O)cc3)cccc12,15,3,6,10,14,18
PI818,*c1ccc(-c2nc3cc(-c4ccc5nc(-c6ccccc6)c(*)nc5c4)ccc3nc2-c2ccccc2)cc1,16,3,6,9,12,15
PI819,*c1ccc(-c2nc3cc(-c4ccc5nc(*)c(-c6ccccc6)nc5c4)ccc3nc2-c2ccccc2)cc1,16,3,6,9,12,15
PI820,*c1cccc(-c2nc3cc(-c4ccc5nc(*)c(-c6ccccc6)nc5c4)ccc3nc2-c2ccccc2)c1,16,3,6,9,12,15
PI821,*c1ccc(-c2nc3cc(-c4ccc5nc(*)c(-c6ccc7ccccc7c6)nc5c4)ccc3nc2-c2ccc3ccccc3c2)cc1,16,3,6,9,12,15
PI822,*c1cccc(-c2nc3cc(-c4ccc5nc(*)c(-c6ccc7ccccc7c6)nc5c4)ccc3nc2-c2ccc3ccccc3c2)c1,16,3,6,9,12,15
PI823,*N=P(*)(OCC(F)(F)F)OCC(F)(F)F,18,1,1,1,2,2
PI825,*Oc1ccc(C(=O)c2ccc(*)cc2)cc1,19,3,6,10,14,18
PI826,*CCCCCCS(*)(=O)=O,20,2,3,3,6,6
PI827,*OS(=O)(=O)c1ccc(*)cc1,20,3,6,10,14,17
PI828,*c1ccc(*)cc1,21,3,6,10,14,17
PI829,*CCc1ccc(*)c(C)c1,21,2,4,6,9,11
PI830,*CCc1cc(C)c(*)cc1C,21,2,4,6,9,11
PI831,*CCc1ccc(*)c(Cl)c1,21,2,4,6,9,11
PI832,*c1ccc(C(Cl)(Cl)C(*)Cl)cc1,21,3,6,10,14,17
PI833,*C1CCC(*)C1,1,5,10,14,18,22
PI834,*C1C2CC(C)C(C2)C1*,1,5,10,14,18,23
PI835,*C1CC2CC1C(*)C2CCCC,1,5,10,14,18,23
PI836,*C1CC2CC1C(*)C2CCCCCC,1,5,10,14,18,23
PI837,*CC(*)(C)c1ccc2ccccc2c1,2,2,3,3,4,4
PI838,*CCC(c1ccccc1)C(*)c1ccccc1,2,2,3,5,8,9
PI840,*/C(Cl)=C(/*)c1ccccc1,3,3,5,8,11,13
PI841,*/C=C(/*)c1ccc(C#C)cc1,3,3,5,8,11,13
PI842,*/C=C(/*)c1cccc(C#C)c1,3,3,5,8,11,13
PI843,*/C=C/C(C(=O)OCc1ccc(Cl)cc1)C(*)C(=O)OCc1ccc(Cl)cc1,3,2,3,3,5,5
PI844,*/C=C(/*)c1ccc(-c2ccc(C#C)cc2)cc1,3,3,5,8,11,13
PI845,*CC(*)C(=O)OCC(C)O,4,2,3,5,8,9
PI846,*CC(*)(CC(=O)OCCCCCCCC)C(=O)OCCCCCCCC,4,2,3,3,4,4
PI847,*CC(*)(CC(=O)OCCCCCCCCC)C(=O)OCCCCCCCCC,4,2,3,3,4,4
PI848,*CC(*)C(=O)n1c2ccccc2c2ccccc21,4,2,3,5,8,9
PI849,*CC(*)C(=O)OC(OCC)C(F)(F)F,4,2,3,5,8,9
PI850,*CC(*)(C)C(=O)OC(OCC)C(F)(F)F,4,2,3,3,4,4
PI851,*CC(*)(CC(=O)Oc1ccc(OCCCCCCC)cc1)C(=O)Oc1ccc(OCCCCCCC)cc1,4,2,3,3,4,4
PI852,*CC(*)(C)C(=O)Oc1c(C)cccc1C,4,2,3,3,4,4
PI853,*CC(*)(C)C(=O)OCCCCCCN(C)c1ccc(/N=N/c2ccc(S(C)(=O)=O)cc2)cc1,4,2,3,3,6,6
PI854,*C([2H])([2H])C(*)(C(=O)OC([2H])([2H])[2H])C([2H])([2H])[2H],4,2,3,3,4,4
PI855,*C(*)C(=O)OC(C)C,4,2,3,4,7,7
PI856,*CC(*)(C)C(=O)Oc1c(C(C)C)cccc1C(C)C,4,2,3,3,4,4
PI857,*CC(*)(C)C(=O)OCC(=O)c1ccccc1,4,2,3,3,4,4
PI858,*CC(*)(C)C(=O)OCc1ccc(Cl)c(Cl)c1,4,2,3,3,4,4
PI859,*CC(*)(C)C(=O)OCc1cccc(Cl)c1,4,2,3,3,4,4
PI860,*CC(*)(C)C(=O)OCc1ccc(Cl)cc1,4,2,3,3,4,4
PI861,*CC(*)(C)C(=O)OCc1cccc(Cl)c1Cl,4,2,3,3,4,4
PI862,*CC(*)(C)C(=O)OCc1ccc(Cl)cc1Cl,4,2,3,3,4,4
PI863,*CC(*)(C)C(=O)OCc1cc(Cl)ccc1Cl,4,2,3,3,4,4
PI864,*CC(*)(C)C(=O)OCc1c(Cl)cccc1Cl,4,2,3,3,4,4
PI865,*CC(*)(C)C(=O)OCc1cc(Cl)cc(Cl)c1,4,2,3,3,4,4
PI866,*/C=C(/*)C(C)(C)C,6,3,5,8,11,14
PI867,*C1C(*)C2CC1C1C=CCC12,6,5,10,14,18,23
PI868,*/C(C)=C(/*)C(C)C,6,2,3,4,7,8
PI869,*OC1C(CO)OC(*)C(O)C1O,7,4,7,11,15,19
PI870,*Oc1cc(C)c(*)c(C)c1Br,7,3,6,10,14,18
PI871,*CCC(C)CO*,7,2,3,5,8,9
PI872,*Oc1ccc2[nH]c(-c3ccc4c(c3)-c3cc(-c5nc6cc(*)ccc6[nH]5)ccc3S4(=O)=O)nc2c1,7,3,6,9,12,15
PI873,*C1Oc2ccccc2C1*,7,5,9,13,17,21
PI874,*Oc1ccc2[nH]c(-c3ccc4sc5ccc(-c6nc7cc(*)ccc7[nH]6)cc5c4c3)nc2c1,7,3,6,9,12,15
PI875,*OC(F)(F)C(F)(F)C(*)(F)F,7,1,1,1,1,1
PI876,*c1ccc(Oc2ccc(C(=O)c3ccc(Oc4ccc(C5(*)OC(=O)c6ccccc65)cc4)cc3)cc2)cc1,7,3,6,10,14,18
PI877,*Oc1cccc(Oc2cccc(*)c2)c1C#N,7,3,6,10,14,18
PI878,*C(=O)Oc1ccc(C(C)(C)c2ccc(OC(=O)c3ccc4c(c3)C(=O)n3c-4nc4ccc(Oc5ccc6c(c5)nc5n6C(=O)c6ccc(*)cc6-5)cc43)cc2)cc1,7,3,6,10,13,16
PI879,*Oc1ccc(NC(=O)c2ccc(C(c3ccc(C(=O)O)c(C(=O)Nc4cc(*)ccc4N)c3)(C(F)(F)F)C(F)(F)F)cc2C(=O)O)c(N)c1,7,3,6,10,14,18
PI880,*c1ccc2c(c1)-c1nc3cc(Oc4ccc5c(c4)nc4n5C(=O)c5cc(C(*)(C(F)(F)F)C(F)(F)F)ccc5-4)ccc3n1C2=O,7,3,6,10,13,16
PI881,*Oc1ccc(S(=O)(=O)c2ccc(Oc3ccc(C(C)(C)c4ccc(*)cc4)cc3[N+](=O)[O-])cc2)cc1,7,3,6,10,14,18
PI882,*Oc1ccc(S(=O)(=O)c2ccc(Oc3ccc(C(C)(C)c4ccc(*)cc4)cc3)c([N+](=O)[O-])c2)cc1[N+](=O)[O-],7,3,6,10,14,18
PI883,*Oc1ccc(S(=O)(=O)c2ccc(Oc3c(C)cc(C(c4cc(C)c(*)c(C)c4)(C(F)(F)F)C(F)(F)F)cc3C)cc2)cc1,7,3,6,10,14,18
PI885,*CC(=C)COCC(=C)COC(=O)O*,7,2,3,3,6,6
PI886,*OC1C(COC(C)=O)OC(*)C(OC(C)=O)C1OC(C)=O,7,4,7,11,15,19
PI887,*Oc1ccc(SC(=O)Sc2ccc(*)cc2)cc1,7,3,6,10,14,18
PI888,*Oc1ccc(SC(=O)Oc2ccc(C(C)(C)c3ccc(OC(=O)Sc4ccc(*)cc4)cc3)cc2)cc1,7,3,6,10,14,18
PI889,*Oc1ccc(NC(=O)c2cc(C(c3ccc(C(=O)O)c(C(=O)Nc4ccc(Oc5ccc(C(c6ccc(*)cc6)(C(F)(F)F)C(F)(F)F)cc5)cc4)c3)(C(F)(F)F)C(F)(F)F)ccc2C(=O)O)cc1,7,3,6,10,14,18
PI890,*OC1C(CO)OC(*)C(N)C1O,7,4,7,11,15,19
PI891,*Oc1ccc(S(=O)(=O)c2ccc(Oc3ccc(C(=O)c4cc(Br)cc(C(=O)c5ccc(*)cc5)c4)cc3)cc2)cc1,7,3,6,10,14,18
PI892,*Oc1ccc(S(=O)(=O)c2ccc(Oc3ccc(C(=O)c4cc(I)cc(C(=O)c5ccc(*)cc5)c4)cc3)cc2)cc1,7,3,6,10,14,18
PI893,*Oc1ccc(S(=O)(=O)c2ccc(Oc3ccc(C(=O)c4cc(C(=O)c5ccc(*)cc5)cc(C(C)(C)C)c4)cc3)cc2)cc1,7,3,6,10,14,18
PI894,*Oc1ccc(C(c2ccc(Oc3ccc(C(=O)c4cccc(C(=O)c5ccc(*)cc5)c4)cc3)cc2)(C(F)(F)F)C(F)(F)F)cc1,7,3,6,10,14,18
PI896,*Oc1ccc(C(=O)Nc2cccc(C(O)Cc3ccc(NC(=O)c4ccc(*)cc4)cc3)c2)cc1,7,3,6,10,14,17
PI897,*C(F)(F)C(F)(F)C1(F)C(*)(F)OC(F)(F)C1(F)F,7,1,1,1,1,1
PI898,*Oc1cc(C(C)(C)C)c(Oc2ccc(C(=O)Nc3ccc(C(C)(C)c4ccc(NC(=O)c5ccc(*)cc5)cc4)cc3)cc2)cc1C(C)(C)C,7,3,6,10,14,18
PI899,*Oc1cc(C(C)(C)C)c(Oc2ccc(C(=O)Nc3ccc(C(C)(C)c4ccc(NC(=O)c5ccc(*)cc5)c(C)c4)cc3C)cc2)cc1C(C)(C)C,7,3,6,10,14,18
PI900,*Oc1cc(C(C)(C)C)c(Oc2ccc(C(=O)Nc3c(C)cc(C(C)(C)c4cc(C)c(NC(=O)c5ccc(*)cc5)c(C)c4)cc3C)cc2)cc1C(C)(C)C,7,3,6,10,14,18
PI901,*Oc1cc(C(C)(C)C)c(Oc2ccc(C(=O)Nc3c(C)cc(Cc4cc(C)c(NC(=O)c5ccc(*)cc5)c(C(C)C)c4)cc3C(C)C)cc2)cc1C(C)(C)C,7,3,6,10,14,18
PI902,*Oc1cc(C(C)(C)C)c(Oc2ccc(C(=O)Nc3ccc(C(c4ccc(NC(=O)c5ccc(*)cc5)cc4)(C(F)(F)F)C(F)(F)F)cc3)cc2)cc1C(C)(C)C,7,3,6,10,14,18
PI903,*Oc1ccc(Oc2ccc(C(=O)c3ccc(C(=O)c4ccc(*)cc4)c4ccccc34)cc2)cc1,7,3,6,10,14,18
PI907,*Oc1ccc(S(=O)(=O)c2ccc(Oc3ccc(C(C)(C)c4ccc(*)c(C(O)(C(F)(F)F)C(F)(F)F)c4)cc3C(O)(C(F)(F)F)C(F)(F)F)cc2)cc1,7,3,6,10,14,18
PI908,*Oc1ccc(S(=O)(=O)c2ccc(Oc3ccc(C(C)(C)c4ccc(*)c(C(OC)(C(F)(F)F)C(F)(F)F)c4)cc3C(OC)(C(F)(F)F)C(F)(F)F)cc2)cc1,7,3,6,10,14,18
PI909,*Oc1ccc(S(=O)(=O)c2ccc(Oc3c(C)cc(C(C)(C)c4cc(C)c(*)c(C)c4)cc3C)cc2C(O)(C(F)(F)F)C(F)(F)F)c(C(O)(C(F)(F)F)C(F)(F)F)c1,7,3,6,10,14,18
PI910,*Oc1ccc2c(c1)nc1n2C(=O)c2ccc(-c3ccc4c(c3)C(=O)n3c-4nc4ccc(*)cc43)cc2-1,7,3,6,10,13,16
PI911,*Oc1ccc2c(c1)nc1c3cc4c(=O)n5c6cc(*)ccc6nc5c4cc3c(=O)n21,7,3,6,10,13,16
PI913,*c1ccc2c(c1)-c1nc3cc(Oc4ccc5nc6n(c5c4)C(=O)c4cc(C(*)(C(F)(F)F)C(F)(F)F)ccc4-6)ccc3n1C2=O,7,3,6,10,13,16
PI914,*c1ccc(*)s1,8,2,4,6,9,11
PI915,*c1ccc2c(c1)-c1cc(-c3nc4cc(-c5ccc6[nH]c(*)nc6c5)ccc4[nH]3)ccc1S2(=O)=O,8,3,6,9,12,15
PI916,*Cc1ccc2[nH]c(-c3ccc4c(c3)-c3cc(-c5nc6cc(*)ccc6[nH]5)ccc3S4(=O)=O)nc2c1,8,3,6,9,12,15
PI917,*c1ccc2sc3ccc(-c4nc5cc(-c6ccc7[nH]c(*)nc7c6)ccc5[nH]4)cc3c2c1,8,3,6,9,12,15
PI918,*Cc1ccc2[nH]c(-c3ccc4sc5ccc(-c6nc7cc(*)ccc7[nH]6)cc5c4c3)nc2c1,8,3,6,9,12,15
PI919,*c1cc(CCCC)c(*)s1,8,2,4,6,9,11
PI920,*Oc1ccc(C(C)(c2ccccc2)c2ccc(OC(=O)c3cccc(C(*)=O)c3)cc2)cc1,9,3,6,10,14,18
PI921,*Oc1ccc(C(c2ccccc2)(c2ccccc2)c2ccc(OC(=O)c3cccc(C(*)=O)c3)cc2)cc1,9,3,6,10,14,18
PI922,*Oc1ccc(C(C)(C)c2ccc(OC(=O)c3ccc(C(=O)c4ccc(C(*)=O)cc4)cc3)cc2)cc1,9,3,6,10,14,18
PI923,*CCCCCCCCOC(=O)c1cccc(C(=O)O*)c1,9,2,3,3,6,6
PI925,*c1cc(Br)c(OC(=O)c2ccc(C(=O)Oc3c(Br)cc(C4(*)OC(=O)c5ccccc54)cc3Br)cc2)c(Br)c1,9,3,6,10,14,18
PI926,*CCCCCCS(=O)(=O)c1ccc(/N=N/c2ccc(N(C)CCCCCC(=O)O*)cc2)cc1,9,2,3,3,6,6
PI927,*CCCS(=O)(=O)c1ccc(/N=N/c2ccc(N(CCCC)CC(=O)O*)cc2)cc1,9,2,3,3,6,6
PI928,*Oc1ccc(OC(=O)c2cc(OCCCCCCCCCCCC)c(C(*)=O)cc2OCCCCCCCCCCCC)cc1,9,3,6,10,14,18
PI929,*Oc1ccc2c(c1)C1(CC2(C)C)CC(C)(C)c2ccc(OC(=O)c3ccc(C(*)=O)cc3)cc21,9,3,6,10,14,18
PI930,*Oc1ccc2c(c1)C1(CC2(C)C)CC(C)(C)c2ccc(OC(=O)c3cccc(C(*)=O)c3)cc21,9,3,6,10,14,18
PI931,*CCOC(=O)NCC1(C)CC(NC(=O)O*)CC(C)(C)C1,9,2,3,3,6,6
PI932,*Oc1ccc(C(C)(C)c2ccc(OC(=O)c3ccccc3/C=C/c3ccc(/C=C/c4ccccc4C(*)=O)cc3)cc2)cc1,9,3,6,10,14,18
PI933,*Oc1ccc(C(C)(C)c2ccc(OC(=O)c3ccccc3/C=C/c3ccc(/C=C/c4ccccc4C(*)=O)cc3)c(C)c2)cc1C,9,3,6,10,14,18
PI934,*Oc1ccc(S(=O)(=O)c2ccc(OC(=O)c3ccccc3/C=C/c3ccc(/C=C/c4ccccc4C(*)=O)cc3)cc2)cc1,9,3,6,10,14,18
PI935,*c1ccc(OC(=O)c2ccccc2/C=C/c2ccc(/C=C/c3ccccc3C(=O)Oc3ccc(C4(*)OC(=O)c5ccccc54)cc3)cc2)cc1,9,3,6,10,14,18
PI936,*Oc1cccc2c(OC(=O)c3ccccc3/C=C/c3ccc(/C=C/c4ccccc4C(*)=O)cc3)cccc12,9,3,6,10,14,18
PI937,*Oc1cccc2ccc(OC(=O)c3ccccc3/C=C/c3ccc(/C=C/c4ccccc4C(*)=O)cc3)cc12,9,3,6,10,14,18
PI938,*Oc1ccc2ccc(OC(=O)c3ccccc3/C=C/c3ccc(/C=C/c4ccccc4C(*)=O)cc3)cc2c1,9,3,6,10,14,18
PI939,*Oc1cccc(OC(=O)c2ccccc2/C=C/c2ccc(/C=C/c3ccccc3C(*)=O)cc2)c1,9,3,6,10,14,18
PI940,*Oc1ccccc1OC(=O)c1ccccc1/C=C/c1ccc(/C=C/c2ccccc2C(*)=O)cc1,9,3,6,10,14,18
PI941,*Oc1ccc(OC(=O)c2ccccc2/C=C/c2ccc(/C=C/c3ccccc3C(*)=O)cc2)cc1,9,3,6,10,14,18
PI943,*CCCCCCCCCCCCNC(=O)CCCCCCCCCCCCCCCCCCC(=O)N*,10,2,3,3,6,6
PI944,*Nc1ccc(NC(=O)c2cc(C(*)=O)c(C(=O)OCC)cc2C(=O)OCC)cc1,10,3,6,10,14,17
PI945,*Nc1cccc(C(O)Cc2ccc(NC(=O)c3ccc(C(*)=O)cc3)cc2)c1,10,3,6,10,14,17
PI946,*c1ccc2c(c1)-c1nc3cc(-c4ccc5nc6n(c5c4)C(=O)c4cc(C(*)(C(F)(F)F)C(F)(F)F)ccc4-6)ccc3n1C2=O,10,3,6,10,13,16
PI947,*CC(C)CNC(=O)O*,11,2,3,3,6,6
PI948,*c1ccc(Oc2cccc(Oc3ccc(N4C(=O)c5ccc(-c6ccc7c(c6)C(=O)N(*)C7=O)cc5C4=O)cc3)c2)cc1,13,3,6,10,13,16
PI949,*c1cccc(N2C(=O)c3ccc(C(c4ccc5c(c4)C(=O)N(*)C5=O)(C(F)(F)F)C(F)(F)F)cc3C2=O)c1,13,3,6,10,13,16
PI950,*c1ccc2c(c1)C(=O)N(c1cccc(S(=O)(=O)c3cccc(N4C(=O)c5ccc(C(*)(C(F)(F)F)C(F)(F)F)cc5C4=O)c3)c1)C2=O,13,3,6,10,13,16
PI951,*C(=O)Nc1ccc(Oc2ccc(N3C(=O)c4ccc(*)cc4C3=O)cc2)cc1,13,3,6,10,13,16
PI952,*c1ccc(S(=O)(=O)c2ccc(-n3c(=O)c4cc5c(=O)n(*)c(=O)c5cc4c3=O)cc2)cc1,13,3,6,10,13,16
PI953,*c1cccc(Oc2ccc(-n3c(=O)c4cc5c(=O)n(*)c(=O)c5cc4c3=O)cc2)c1,13,3,6,10,13,16
PI954,*c1ccc(-c2ccc(N3C(=O)c4ccc(-c5ccc6c(c5)C(=O)N(*)C6=O)cc4C3=O)cc2C(F)(F)F)c(C(F)(F)F)c1,13,3,6,10,13,16
PI955,*C(=O)Oc1ccc(C(C)(C)c2ccc(OC(=O)c3ccc4c(c3)C(=O)N(c3ccc(-c5ccc(N6C(=O)c7ccc(*)cc7C6=O)c(C)c5)cc3C)C4=O)cc2)cc1,13,3,6,10,13,16
PI956,*C(=O)Oc1ccc(C(C)(C)c2ccc(OC(=O)c3ccc4c(c3)C(=O)N(c3ccc(Oc5ccc(N6C(=O)c7ccc(*)cc7C6=O)cc5)cc3)C4=O)cc2)cc1,13,3,6,10,13,16
PI958,*C(=O)Oc1ccc(C(C)(C)c2ccc(OC(=O)c3ccc4c(c3)C(=O)N(c3ccc(-c5ccc(N6C(=O)c7ccc(*)cc7C6=O)cc5)cc3)C4=O)cc2)cc1,13,3,6,10,13,16
PI959,*c1ccc2c(c1)C(=O)N(c1ccc3c(c1)-c1cc(N4C(=O)c5ccc(C(*)(C(F)(F)F)C(F)(F)F)cc5C4=O)ccc1C3)C2=O,13,3,6,10,13,16
PI960,*C(=O)Nc1ccc(NC(=O)c2ccc(N3C(=O)c4ccc(*)cc4C3=O)cc2)cc1,13,3,6,10,13,16
PI961,*c1ccc(Oc2ccc(C(c3ccc(Oc4ccc(N5C(=O)c6ccc(Oc7ccc8c(c7)C(=O)N(*)C8=O)cc6C5=O)cc4)cc3)(C(F)(F)F)C(F)(F)F)cc2)cc1,13,3,6,10,13,16
PI962,*c1cccc(Oc2cccc(Oc3cccc(-n4c(=O)c5cc6c(=O)n(*)c(=O)c6cc5c4=O)c3)c2)c1,13,3,6,10,13,16
PI963,*c1ccc(Oc2ccc(S(=O)(=O)c3ccc(Oc4ccc(N5C(=O)c6ccc(C(=O)c7ccc8c(c7)C(=O)N(*)C8=O)cc6C5=O)cc4)cc3)cc2)cc1,13,3,6,10,13,16
PI964,*c1ccc(Oc2ccc(S(=O)(=O)c3ccc(Oc4ccc(N5C(=O)c6ccc(Oc7ccc8c(c7)C(=O)N(*)C8=O)cc6C5=O)cc4)cc3)cc2)cc1,13,3,6,10,13,16
PI965,*c1ccc(Oc2cccc(Oc3ccc(N4C(=O)c5ccc(C(=O)c6ccc7c(c6)C(=O)N(*)C7=O)cc5C4=O)cc3)c2)cc1,13,3,6,10,13,16
PI966,*c1ccc(Oc2ccc(S(=O)(=O)c3ccc(Oc4ccc(-n5c(=O)c6cc7c(=O)n(*)c(=O)c7cc6c5=O)cc4)cc3)cc2)cc1,13,3,6,10,13,16
PI967,*c1ccc(-c2ccc(-n3c(=O)c4cc5c(=O)n(*)c(=O)c5cc4c3=O)cc2C(F)(F)F)c(C(F)(F)F)c1,13,3,6,10,13,16
PI968,*c1ccc(S(=O)(=O)c2ccc(N3C(=O)c4ccc(-c5ccc6c(c5)C(=O)N(*)C6=O)cc4C3=O)cc2)cc1,13,3,6,10,13,16
PI969,*C(=O)c1ccc2c(c1)C(=O)N(c1ccc(C3(c4ccc(N5C(=O)c6ccc(*)cc6C5=O)cc4)c4ccccc4-c4ccccc43)cc1)C2=O,13,3,6,10,13,16
PI970,*CCCCCCN1C(=O)c2ccc(C(c3ccc4c(c3)C(=O)N(*)C4=O)(C(F)(F)F)C(F)(F)F)cc2C1=O,13,3,6,10,13,16
PI971,*c1ccc2c(c1)C(=O)N(c1c(C)cc(Cc3cc(C)c(N4C(=O)c5ccc(C(*)(C(F)(F)F)C(F)(F)F)cc5C4=O)c(C)c3)cc1C)C2=O,13,3,6,10,13,16
PI972,*c1ccc2c(c1)C(=O)N(c1c(CC)cc(Cc3cc(CC)c(N4C(=O)c5ccc(C(*)(C(F)(F)F)C(F)(F)F)cc5C4=O)c(CC)c3)cc1CC)C2=O,13,3,6,10,13,16
PI973,*c1ccc2c(c1)C(=O)N(c1c(C(C)C)cc(Cc3cc(C(C)C)c(N4C(=O)c5ccc(C(*)(C(F)(F)F)C(F)(F)F)cc5C4=O)c(C(C)C)c3)cc1C(C)C)C2=O,13,3,6,10,13,16
PI974,*c1ccc2c(c1)C(=O)N(c1cc(N3C(=O)c4ccc(C(*)(C(F)(F)F)C(F)(F)F)cc4C3=O)ccc1C)C2=O,13,3,6,10,13,16
PI975,*c1ccc(S(=O)(=O)c2ccc(N3C(=O)c4ccc(C(c5ccc6c(c5)C(=O)N(*)C6=O)(C(F)(F)F)C(F)(F)F)cc4C3=O)cc2)cc1,13,3,6,10,13,16
PI976,*c1ccc(S(=O)(=O)c2ccc(N3C(=O)c4ccc(C(=O)c5ccc6c(c5)C(=O)N(*)C6=O)cc4C3=O)cc2)cc1,13,3,6,10,13,16
PI977,*c1ccc(-c2ccc(-n3c(=O)c4cc5c(=O)n(*)c(=O)c5cc4c3=O)cc2OC(F)(F)F)c(OC(F)(F)F)c1,13,3,6,10,13,16
PI978,*C1CCC(N2C(=O)c3ccc(-c4ccc5c(c4)C(=O)N(*)C5=O)cc3C2=O)CC1,13,3,6,10,13,16
PI979,*c1cc(C(c2ccc(O)c(-n3c(=O)c4cc5c(=O)n(*)c(=O)c5cc4c3=O)c2)(C(F)(F)F)C(F)(F)F)ccc1O,13,3,6,10,13,16
PI980,*c1ccc2c(c1)C(=O)N(c1ccc(C(c3ccc(C)c(N4C(=O)c5ccc(C(*)(C(F)(F)F)C(F)(F)F)cc5C4=O)c3)(C(F)(F)F)C(F)(F)F)cc1C)C2=O,13,3,6,10,13,16
PI981,*c1ccc2c(c1)C(=O)N(c1ccc(Oc3ccc(-c4ccc(Oc5ccc(N6C(=O)c7ccc(C(*)(C(F)(F)F)C(F)(F)F)cc7C6=O)cc5)cc4)cc3)cc1)C2=O,13,3,6,10,13,16
PI983,*c1ccc(Oc2ccc(S(=O)(=O)c3ccc(Oc4ccc(N5C(=O)c6ccc(C(c7ccc8c(c7)C(=O)N(*)C8=O)(C(F)(F)F)C(F)(F)F)cc6C5=O)cc4)cc3)cc2)cc1,13,3,6,10,13,16
PI984,*c1ccc2c(c1)C(=O)N(c1cccc(Oc3ccc(S(=O)(=O)c4ccc(Oc5cccc(N6C(=O)c7ccc(C(*)(C(F)(F)F)C(F)(F)F)cc7C6=O)c5)cc4)cc3)c1)C2=O,13,3,6,10,13,16
PI985,*c1ccc(C(C)(C)c2ccc(N3C(=O)c4ccc(Oc5ccc6c(c5)C(=O)N(*)C6=O)cc4C3=O)cc2)cc1,13,3,6,10,13,16
PI986,*c1cccc(N2C(=O)c3ccc(Oc4ccc5c(c4)C4(CC(C)(C)c6ccc(Oc7ccc8c(c7)C(=O)N(*)C8=O)cc64)CC5(C)C)cc3C2=O)c1,13,3,6,10,13,16
PI987,*c1ccc(S(=O)(=O)c2ccc(N3C(=O)c4ccc(Oc5ccc6c(c5)C(=O)N(*)C6=O)cc4C3=O)cc2)cc1,13,3,6,10,13,16
PI989,*c1ccc2c(c1)C(=O)N(c1ccc(Oc3ccc(N4C(=O)c5ccc(C(C)(C)CCCCCCCCC(*)(C)C)cc5C4=O)cc3)cc1)C2=O,13,3,6,10,13,16
PI990,*C(=O)Nc1cccc(NC(=O)c2ccc(N3C(=O)c4ccc(*)cc4C3=O)cc2)c1,13,3,6,10,13,16
PI991,*C(=O)c1ccc2c(c1)C(=O)N(c1ccc(C(=O)Nc3ccc(N4C(=O)c5ccc(*)cc5C4=O)cc3)cc1)C2=O,13,3,6,10,13,16
PI992,*c1cccc(Oc2ccc(N3C(=O)c4ccc(C(=O)c5ccc6c(c5)C(=O)N(*)C6=O)cc4C3=O)cc2)c1,13,3,6,10,13,16
PI993,*c1ccc(-c2sc(-c3ccc(-n4c(=O)c5cc6c(=O)n(*)c(=O)c6cc5c4=O)cc3)c(-c3ccccc3)c2-c2ccccc2)cc1,13,3,6,10,13,16
PI995,*c1ccc(C(c2ccc(N3C(=O)c4cc5c(cc4C3=O)C(C(F)(F)F)(C(F)(F)F)c3cc4c(cc3O5)C(=O)N(*)C4=O)cc2)(C(F)(F)F)C(F)(F)F)cc1,13,3,6,10,13,16
PI996,*c1ccc2c(c1)C(=O)N(c1cc(C(c3ccc(O)c(N4C(=O)c5ccc(C(*)(C(F)(F)F)C(F)(F)F)cc5C4=O)c3)(C(F)(F)F)C(F)(F)F)ccc1O)C2=O,13,3,6,10,13,16
PI997,*c1ccc(Oc2c(C)cc(Cc3cc(C)c(Oc4ccc(-n5c(=O)c6cc7c(=O)n(*)c(=O)c7cc6c5=O)cc4)c(C)c3)cc2C)cc1,13,3,6,10,13,16
PI998,*c1ccc(Oc2c(C)cc(Cc3cc(C)c(Oc4ccc(N5C(=O)c6ccc(-c7ccc8c(c7)C(=O)N(*)C8=O)cc6C5=O)cc4)c(C)c3)cc2C)cc1,13,3,6,10,13,16
PI999,*C(=O)c1ccc2c(c1)C(=O)N(c1ccc(Oc3c(C)cc(Cc4cc(C)c(Oc5ccc(N6C(=O)c7ccc(*)cc7C6=O)cc5)c(C)c4)cc3C)cc1)C2=O,13,3,6,10,13,16
PI1000,*c1ccc2c(c1)C(=O)N(c1ccc(Oc3c(C)cc(Cc4cc(C)c(Oc5ccc(N6C(=O)c7ccc(C(*)(C(F)(F)F)C(F)(F)F)cc7C6=O)cc5)c(C)c4)cc3C)cc1)C2=O,13,3,6,10,13,16
PI1001,*c1c(C)cc(C(c2cc(C)c(N3C(=O)c4ccc(-c5ccc6c(c5)C(=O)N(*)C6=O)cc4C3=O)c(C)c2)c2cccc3ccccc23)cc1C,13,3,6,10,13,16
PI1002,*C(=O)c1ccc2c(c1)C(=O)N(c1c(C)cc(C(c3cc(C)c(N4C(=O)c5ccc(*)cc5C4=O)c(C)c3)c3cccc4ccccc34)cc1C)C2=O,13,3,6,10,13,16
PI1003,*c1ccc2c(c1)C(=O)N(c1c(C)cc(C(c3cc(C)c(N4C(=O)c5ccc(C(*)(C(F)(F)F)C(F)(F)F)cc5C4=O)c(C)c3)c3cccc4ccccc34)cc1C)C2=O,13,3,6,10,13,16
PI1004,*c1ccc(Oc2c(C)cc(C(c3cc(C)c(Oc4ccc(-n5c(=O)c6cc7c(=O)n(*)c(=O)c7cc6c5=O)cc4)c(C)c3)c3cccc4ccccc34)cc2C)cc1,13,3,6,10,13,16
PI1005,*c1ccc(Oc2c(C)cc(C(c3cc(C)c(Oc4ccc(N5C(=O)c6ccc(-c7ccc8c(c7)C(=O)N(*)C8=O)cc6C5=O)cc4)c(C)c3)c3cccc4ccccc34)cc2C)cc1,13,3,6,10,13,16
PI1006,*c1ccc2c(c1)C(=O)N(c1ccc(Oc3c(C)cc(C(c4cc(C)c(Oc5ccc(N6C(=O)c7ccc(C(*)(C(F)(F)F)C(F)(F)F)cc7C6=O)cc5)c(C)c4)c4cccc5ccccc45)cc3C)cc1)C2=O,13,3,6,10,13,16
PI1007,*/C=C/C1CC(*)C2C(=O)N(CCCCC)C(=O)C12,13,5,10,14,18,23
PI1008,*/C=C/C1CC(*)C2C(=O)N(CCCCCC)C(=O)C12,13,5,10,14,18,23
PI1009,*c1cccc(P(=O)(c2cccc(-n3c(=O)c4cc5c(=O)n(*)c(=O)c5cc4c3=O)c2)c2cc(C(F)(F)F)cc(C(F)(F)F)c2)c1,13,3,6,10,13,16
PI1010,*c1cccc(P(=O)(c2ccc(C(F)(F)F)cc2)c2cccc(-n3c(=O)c4cc5c(=O)n(*)c(=O)c5cc4c3=O)c2)c1,13,3,6,10,13,16
PI1011,*c1cccc(P(=O)(c2ccccc2)c2cccc(-n3c(=O)c4cc5c(=O)n(*)c(=O)c5cc4c3=O)c2)c1,13,3,6,10,13,16
PI1012,*Oc1c(C)cc(C(C)(C)c2cc(C)c(ON3C(=O)c4ccc(Oc5ccc(C6(c7ccc(Oc8ccc9c(c8)C(=O)N(*)C9=O)cc7)CCC(C(C)(C)C)CC6)cc5)cc4C3=O)c(C)c2)cc1C,13,3,6,10,13,16
PI1013,*c1ccc(Oc2ccc(C(c3ccc(Oc4ccc(N5C(=O)c6ccc(Oc7ccc(C8(c9ccc(Oc%10ccc%11c(c%10)C(=O)N(*)C%11=O)cc9)CCC(C(C)(C)C)CC8)cc7)cc6C5=O)cc4)cc3)(C(F)(F)F)C(F)(F)F)cc2)cc1,13,3,6,10,13,16
PI1014,*c1ccc(Oc2ccc(Oc3ccc(N4C(=O)c5ccc(Oc6ccc(C7(c8ccc(Oc9ccc%10c(c9)C(=O)N(*)C%10=O)cc8)CCC(C(C)(C)C)CC7)cc6)cc5C4=O)cc3)c(C(C)(C)C)c2)cc1,13,3,6,10,13,16
PI1017,*c1ccc(Oc2ccc(C3(c4ccc(Oc5ccc(N6C(=O)c7ccc(Oc8ccc(C9(c%10ccc(Oc%11ccc%12c(c%11)C(=O)N(*)C%12=O)cc%10)CCC(C(C)(C)C)CC9)cc8)cc7C6=O)cc5)cc4)CC4CC3C3CCCC43)cc2)cc1,13,3,6,10,13,16
PI1018,*C(=O)Nc1cccc(C#Cc2cccc(N3C(=O)c4ccc(*)cc4C3=O)c2)c1,13,3,6,10,13,16
PI1021,*c1ccc(Oc2ccc(NC(=O)CN3C(=O)c4ccc(C(c5ccc6c(c5)C(=O)N(CC(=O)Nc5ccc(Oc7ccc(-c8nnc(*)o8)cc7)cc5)C6=O)(C(F)(F)F)C(F)(F)F)cc4C3=O)cc2)cc1,13,3,6,10,14,18
PI1023,*c1ccc(Oc2c(C)cc(C(C)(C)c3cc(C)c(Oc4ccc(N5C(=O)c6ccc(Oc7ccc(C8(c9ccc(Oc%10ccc%11c(c%10)C(=O)N(*)C%11=O)cc9)CCC(c9ccccc9)CC8)cc7)cc6C5=O)cc4)c(C)c3)cc2C)cc1,13,3,6,10,13,16
PI1025,*c1ccc(Oc2ccc(Oc3ccc(N4C(=O)c5ccc(Oc6ccc(C7(c8ccc(Oc9ccc%10c(c9)C(=O)N(*)C%10=O)cc8)CCC(c8ccccc8)CC7)cc6)cc5C4=O)cc3)c(C(C)(C)C)c2)cc1,13,3,6,10,13,16
PI1026,*c1ccc(Oc2ccc(-c3ccc(Oc4ccc(N5C(=O)c6ccc(Oc7ccc(C8(c9ccc(Oc%10ccc%11c(c%10)C(=O)N(*)C%11=O)cc9)CCC(c9ccccc9)CC8)cc7)cc6C5=O)cc4)cc3C)c(C)c2)cc1,13,3,6,10,13,16
PI1028,*c1ccc(Oc2ccc(N3C(=O)c4ccc(Oc5ccc(C6(c7ccc(Oc8ccc9c(c8)C(=O)N(*)C9=O)cc7)CCC(c7ccccc7)CC6)cc5)cc4C3=O)cc2)cc1,13,3,6,10,13,16
PI1029,*c1ccc(Oc2ccccc2Oc2ccc(-n3c(=O)c4cc5c(=O)n(*)c(=O)c5cc4c3=O)cc2)cc1,13,3,6,10,13,16
PI1030,*c1ccc(Oc2ccc(Oc3ccc(-n4c(=O)c5cc6c(=O)n(*)c(=O)c6cc5c4=O)cc3)cc2C(C)(C)C)cc1,13,3,6,10,13,16
PI1031,*c1ccc(Oc2ccc(Oc3ccc(-n4c(=O)c5cc6c(=O)n(*)c(=O)c6cc5c4=O)cc3)cc2-c2ccccc2)cc1,13,3,6,10,13,16
PI1032,*c1ccc(Oc2cc(C(C)(C)C)ccc2Oc2ccc(-n3c(=O)c4cc5c(=O)n(*)c(=O)c5cc4c3=O)cc2)cc1,13,3,6,10,13,16
PI1033,*c1ccc(Oc2ccc(Oc3ccc(N4C(=O)c5ccc(-c6ccc7c(c6)C(=O)N(*)C7=O)cc5C4=O)cc3)cc2)cc1,13,3,6,10,13,16
PI1034,*c1ccc(Oc2ccccc2Oc2ccc(N3C(=O)c4ccc(-c5ccc6c(c5)C(=O)N(*)C6=O)cc4C3=O)cc2)cc1,13,3,6,10,13,16
PI1035,*c1ccc(Oc2ccc(Oc3ccc(N4C(=O)c5ccc(-c6ccc7c(c6)C(=O)N(*)C7=O)cc5C4=O)cc3)c(C(C)(C)C)c2)cc1,13,3,6,10,13,16
PI1036,*c1ccc(Oc2ccc(Oc3ccc(N4C(=O)c5ccc(-c6ccc7c(c6)C(=O)N(*)C7=O)cc5C4=O)cc3)c(-c3ccccc3)c2)cc1,13,3,6,10,13,16
PI1037,*c1ccc(Oc2cc(C(C)(C)C)ccc2Oc2ccc(N3C(=O)c4ccc(-c5ccc6c(c5)C(=O)N(*)C6=O)cc4C3=O)cc2)cc1,13,3,6,10,13,16
PI1038,*c1ccc(Oc2ccc(-c3ccc(Oc4ccc(N5C(=O)c6ccc(Oc7cccc(Oc8ccc9c(c8)C(=O)N(*)C9=O)c7)cc6C5=O)cc4)cc3)cc2)cc1,13,3,6,10,13,16
PI1039,*c1ccc(Oc2ccc(C3(c4ccc(Oc5ccc(N6C(=O)c7ccc(Oc8ccc(C9(c%10ccc(Oc%11ccc%12c(c%11)C(=O)N(*)C%12=O)cc%10)CCC(c%10ccccc%10)CC9)cc8)cc7C6=O)cc5)cc4)CC4CC3C3CCCC43)cc2)cc1,13,3,6,10,13,16
PI1041,*C(=O)c1ccc2c(c1)C(=O)N(c1cc(C(c3ccc(O)c(N4C(=O)c5ccc(*)cc5C4=O)c3)(C(F)(F)F)C(F)(F)F)ccc1O)C2=O,13,3,6,10,13,16
PI1042,*c1ccc(Oc2ccc(-c3ccc(Oc4ccc(N5C(=O)c6ccc(Oc7ccc(C8(c9ccc(Oc%10ccc%11c(c%10)C(=O)N(*)C%11=O)cc9)CCCCCCCCCCC8)cc7)cc6C5=O)cc4)cc3C)c(C)c2)cc1,13,3,6,10,13,16
PI1043,*c1ccc(Cc2ccc(N3C(=O)c4ccc(Oc5ccc(C6(c7ccc(Oc8ccc9c(c8)C(=O)N(*)C9=O)cc7)CCCCCCCCCCC6)cc5)cc4C3=O)cc2)cc1,13,3,6,10,13,16
PI1044,*c1ccc(Oc2ccc(Oc3ccc(N4C(=O)c5ccc(Oc6ccc(C7(c8ccc(Oc9ccc%10c(c9)C(=O)N(*)C%10=O)cc8)CCCCCCCCCCC7)cc6)cc5C4=O)cc3)c(C(C)(C)C)c2)cc1,13,3,6,10,13,16
PI1047,*c1ccc(Oc2ccc(C3(c4ccc(Oc5ccc(N6C(=O)c7ccc(Oc8ccc(C9(c%10ccc(Oc%11ccc%12c(c%11)C(=O)N(*)C%12=O)cc%10)CCCCCCCCCCC9)cc8)cc7C6=O)cc5)cc4)CCC(C(C)(C)C)CC3)cc2)cc1,13,3,6,10,13,16
PI1048,*c1ccc(Oc2ccc(C3(c4ccc(Oc5ccc(N6C(=O)c7ccc(Oc8ccc(C9(c%10ccc(Oc%11ccc%12c(c%11)C(=O)N(*)C%12=O)cc%10)CCCCCCCCCCC9)cc8)cc7C6=O)cc5)cc4)C4CC5CC(C4)CC3C5)cc2)cc1,13,3,6,10,13,16
PI1049,*c1ccc2c(c1)C(=O)N(c1ccc(Oc3ccc4ccc(Oc5ccc(N6C(=O)c7ccc(C(*)(C(F)(F)F)C(F)(F)F)cc7C6=O)cc5)cc4c3)cc1)C2=O,13,3,6,10,13,16
PI1050,*c1ccc(Oc2ccc3ccc(Oc4ccc(-n5c(=O)c6cc7c(=O)n(*)c(=O)c7cc6c5=O)cc4)cc3c2)cc1,13,3,6,10,13,16
PI1051,*c1cccc(P(=O)(c2cccc(-n3c(=O)c4c(-c5cc(C(F)(F)F)cc(C(F)(F)F)c5)c5c(=O)n(*)c(=O)c5c(-c5cc(C(F)(F)F)cc(C(F)(F)F)c5)c4c3=O)c2)c2cc(C(F)(F)F)cc(C(F)(F)F)c2)c1,13,3,6,10,13,16
PI1052,*c1cccc(P(=O)(c2ccc(C(F)(F)F)cc2)c2cccc(-n3c(=O)c4c(-c5cc(C(F)(F)F)cc(C(F)(F)F)c5)c5c(=O)n(*)c(=O)c5c(-c5cc(C(F)(F)F)cc(C(F)(F)F)c5)c4c3=O)c2)c1,13,3,6,10,13,16
PI1053,*c1cccc(P(=O)(c2ccccc2)c2cccc(-n3c(=O)c4c(-c5cc(C(F)(F)F)cc(C(F)(F)F)c5)c5c(=O)n(*)c(=O)c5c(-c5cc(C(F)(F)F)cc(C(F)(F)F)c5)c4c3=O)c2)c1,13,3,6,10,13,16
PI1054,*c1cccc(P(=O)(c2cccc(-n3c(=O)c4c(-c5ccc(C(F)(F)F)cc5)c5c(=O)n(*)c(=O)c5c(-c5ccc(C(F)(F)F)cc5)c4c3=O)c2)c2cc(C(F)(F)F)cc(C(F)(F)F)c2)c1,13,3,6,10,13,16
PI1055,*c1cccc(P(=O)(c2ccc(C(F)(F)F)cc2)c2cccc(-n3c(=O)c4c(-c5ccc(C(F)(F)F)cc5)c5c(=O)n(*)c(=O)c5c(-c5ccc(C(F)(F)F)cc5)c4c3=O)c2)c1,13,3,6,10,13,16
PI1056,*c1cccc(P(=O)(c2ccccc2)c2cccc(-n3c(=O)c4c(-c5ccc(C(F)(F)F)cc5)c5c(=O)n(*)c(=O)c5c(-c5ccc(C(F)(F)F)cc5)c4c3=O)c2)c1,13,3,6,10,13,16
PI1057,*c1cccc(P(=O)(c2cccc(-n3c(=O)c4c(-c5ccccc5)c5c(=O)n(*)c(=O)c5c(-c5ccccc5)c4c3=O)c2)c2cc(C(F)(F)F)cc(C(F)(F)F)c2)c1,13,3,6,10,13,16
PI1058,*c1cccc(P(=O)(c2ccc(C(F)(F)F)cc2)c2cccc(-n3c(=O)c4c(-c5ccccc5)c5c(=O)n(*)c(=O)c5c(-c5ccccc5)c4c3=O)c2)c1,13,3,6,10,13,16
PI1059,*c1cccc(P(=O)(c2ccccc2)c2cccc(-n3c(=O)c4c(-c5ccccc5)c5c(=O)n(*)c(=O)c5c(-c5ccccc5)c4c3=O)c2)c1,13,3,6,10,13,16
PI1060,*c1ccc(Oc2ccc(N3C(=O)c4cccc(Oc5cccc6c5C(=O)N(*)C6=O)c4C3=O)cc2)cc1,13,3,6,10,13,16
PI1061,*c1ccc(Oc2ccc(N3C(=O)c4ccc(Oc5cccc6c5C(=O)N(*)C6=O)cc4C3=O)cc2)cc1,13,3,6,10,13,16
PI1062,*c1ccc(Oc2ccc(Oc3ccc(N4C(=O)c5cccc(Oc6cccc7c6C(=O)N(*)C7=O)c5C4=O)cc3)cc2)cc1,13,3,6,10,13,16
PI1063,*c1ccc(Oc2ccc(Oc3ccc(N4C(=O)c5ccc(Oc6cccc7c6C(=O)N(*)C7=O)cc5C4=O)cc3)cc2)cc1,13,3,6,10,13,16
PI1064,*c1ccc(Oc2ccc(N3C(=O)C4CCC5C(=O)N(*)C(=O)C5C4C3=O)cc2)cc1,13,3,6,10,13,16
PI1066,*c1ccc(Cc2ccc(N3C(=O)C4CCC5C(=O)N(*)C(=O)C5C4C3=O)c(C)c2)cc1C,13,3,6,10,13,16
PI1067,*c1ccc(Oc2ccc(Oc3ccc(N4C(=O)C5CCC6C(=O)N(*)C(=O)C6C5C4=O)cc3)cc2)cc1,13,3,6,10,13,16
PI1068,*c1ccc(Oc2ccc(C(C)(C)c3ccc(Oc4ccc(N5C(=O)C6CCC7C(=O)N(*)C(=O)C7C6C5=O)cc4)cc3)cc2)cc1,13,3,6,10,13,16
PI1069,*C(=O)c1ccc2c(c1)C(=O)N(c1c(C)cc(Cc3cc(C)c(N4C(=O)c5ccc(*)cc5C4=O)c(C)c3)cc1C)C2=O,13,3,6,10,13,16
PI1070,*C(=O)c1ccc2c(c1)C(=O)N(c1c(CC)cc(Cc3cc(CC)c(N4C(=O)c5ccc(*)cc5C4=O)c(CC)c3)cc1CC)C2=O,13,3,6,10,13,16
PI1071,*C(=O)c1ccc2c(c1)C(=O)N(c1c(C(C)C)cc(Cc3cc(C(C)C)c(N4C(=O)c5ccc(*)cc5C4=O)c(C(C)C)c3)cc1C(C)C)C2=O,13,3,6,10,13,16
PI1072,*c1ccc(Oc2ccc(Oc3ccc(N4C(=O)c5ccc(Oc6ccccc6Oc6ccc7c(c6)C(=O)N(*)C7=O)cc5C4=O)cc3C(F)(F)F)cc2)c(C(F)(F)F)c1,13,3,6,10,13,16
PI1073,*c1ccc(Oc2ccccc2Oc2ccc(N3C(=O)c4ccc(Oc5ccccc5Oc5ccc6c(c5)C(=O)N(*)C6=O)cc4C3=O)cc2C(F)(F)F)c(C(F)(F)F)c1,13,3,6,10,13,16
PI1075,*c1ccc(Oc2c(C)cc(-c3cc(C)c(Oc4ccc(N5C(=O)c6ccc(Oc7ccccc7Oc7ccc8c(c7)C(=O)N(*)C8=O)cc6C5=O)cc4C(F)(F)F)c(C)c3)cc2C)c(C(F)(F)F)c1,13,3,6,10,13,16
PI1077,*c1ccc(Oc2ccc(C(c3ccc(Oc4ccc(N5C(=O)c6ccc(Oc7ccccc7Oc7ccc8c(c7)C(=O)N(*)C8=O)cc6C5=O)cc4C(F)(F)F)cc3)(C(F)(F)F)C(F)(F)F)cc2)c(C(F)(F)F)c1,13,3,6,10,13,16
PI1078,*c1ccc(Oc2ccc(C3(c4ccc(Oc5ccc(N6C(=O)c7ccc(Oc8ccccc8Oc8ccc9c(c8)C(=O)N(*)C9=O)cc7C6=O)cc5C(F)(F)F)cc4)c4ccccc4-c4ccccc43)cc2)c(C(F)(F)F)c1,13,3,6,10,13,16
PI1079,*c1ccc(N2C(=O)c3ccc(Oc4ccc(C(C)(C)c5cccc(Oc6ccc7c(c6)C(=O)N(*)C7=O)c5)cc4)cc3C2=O)cc1,13,3,6,10,13,16
PI1080,*CCCCCCCCCCN1C(=O)C2C3C=CC(C4C(=O)N(*)C(=O)C34)C2C1=O,13,3,6,10,13,16
PI1081,*C1CCC(CC2CCC(N3C(=O)C4C5C=CC(C6C(=O)N(*)C(=O)C56)C4C3=O)CC2)CC1,13,5,10,15,19,24
PI1082,*C1CCC(CC2CCC(N3C(=O)C4C5C=CC(C6C(=O)N(*)C(=O)C56)C4C3=O)C(C)C2)CC1C,13,5,10,15,19,24
PI1083,*c1cc(C(c2ccc(O)c(N3C(=O)c4ccc(Oc5ccc6c(c5)C(=O)N(*)C6=O)cc4C3=O)c2)(C(F)(F)F)C(F)(F)F)ccc1O,13,3,6,10,13,16
PI1084,*c1ccc(C(C)(C)c2ccc(C(C)(C)c3ccc(N4C(=O)c5ccc(Oc6ccc7c(c6)C(=O)N(*)C7=O)cc5C4=O)cc3)cc2)cc1,13,3,6,10,13,16
PI1085,*c1ccc(Sc2ccc(Sc3ccc(Sc4ccc(-n5c(=O)c6cc7c(=O)n(*)c(=O)c7cc6c5=O)cc4)cc3)cc2)cc1,13,3,6,10,13,16
PI1086,*c1ccc(Sc2ccc3c(c2)Sc2ccc(Sc4ccc(-n5c(=O)c6cc7c(=O)n(*)c(=O)c7cc6c5=O)cc4)cc2S3)cc1,13,3,6,10,13,16
PI1088,*C(=O)Oc1ccc(OC(=O)c2ccc3c(c2)C(=O)N(C2CCC(N4C(=O)c5ccc(*)cc5C4=O)CC2)C3=O)cc1,13,3,6,10,13,16
PI1089,*C(=O)Oc1ccc(OC(=O)c2ccc3c(c2)C(=O)N(c2ccc(-c4ccc(N5C(=O)c6ccc(*)cc6C5=O)cc4C(F)(F)F)c(C(F)(F)F)c2)C3=O)cc1,13,3,6,10,13,16
PI1090,*c1ccc(C(=O)Oc2ccc(-n3c(=O)c4cc5c(=O)n(*)c(=O)c5cc4c3=O)cc2)cc1,13,3,6,10,13,16
PI1091,*c1ccc(C(=O)Oc2ccc(N3C(=O)c4ccc(-c5ccc6c(c5)C(=O)N(*)C6=O)cc4C3=O)cc2)cc1,13,3,6,10,13,16
PI1092,*C(=O)Oc1ccc(OC(=O)c2ccc3c(c2)C(=O)N(c2ccc(C(=O)Oc4ccc(N5C(=O)c6ccc(*)cc6C5=O)cc4)cc2)C3=O)cc1,13,3,6,10,13,16
PI1093,*c1ccc(C(=O)Nc2ccc(-n3c(=O)c4cc5c(=O)n(*)c(=O)c5cc4c3=O)cc2)cc1,13,3,6,10,13,16
PI1095,*C(=O)Oc1ccc(OC(=O)c2ccc3c(c2)C(=O)N(c2ccc(C(=O)Nc4ccc(N5C(=O)c6ccc(*)cc6C5=O)cc4)cc2)C3=O)cc1,13,3,6,10,13,16
PI1097,*c1cc(C(c2ccc(O)c(N3C(=O)c4ccc(-c5ccc6c(c5)C(=O)N(*)C6=O)cc4C3=O)c2)(C(F)(F)F)C(F)(F)F)ccc1O,13,3,6,10,13,16
PI1100,*c1ccc2c(c1)C(=O)N(c1ccc(-c3ccc(Oc4ccc5c(c4)C(C)(c4ccc(Oc6ccc(-c7ccc(N8C(=O)c9ccc(C(*)(C(F)(F)F)C(F)(F)F)cc9C8=O)cc7)cc6C(F)(F)F)cc4)CC5(C)C)c(C(F)(F)F)c3)cc1)C2=O,13,3,6,10,13,16
PI1101,*c1ccc(-c2ccc(Oc3ccc(C4(C)CC(C)(C)c5ccc(Oc6ccc(-c7ccc(N8C(=O)c9ccc(Oc%10ccc%11c(c%10)C(=O)N(*)C%11=O)cc9C8=O)cc7)cc6C(F)(F)F)cc54)cc3)c(C(F)(F)F)c2)cc1,13,3,6,10,13,16
PI1103,*c1cccc(N2C(=O)c3ccc(-c4cccc5c4C(=O)N(*)C5=O)cc3C2=O)c1,13,3,6,10,13,16
PI1104,*c1ccc(-c2ccc(N3C(=O)c4ccc(-c5cccc6c5C(=O)N(*)C6=O)cc4C3=O)c(C)c2)cc1C,13,3,6,10,13,16
PI1105,*c1ccc(-c2ccc(N3C(=O)c4ccc(-c5cccc6c5C(=O)N(*)C6=O)cc4C3=O)cc2C)c(C)c1,13,3,6,10,13,16
PI1106,*c1ccc(-c2ccc(N3C(=O)c4ccc(-c5cccc6c5C(=O)N(*)C6=O)cc4C3=O)cc2C(F)(F)F)c(C(F)(F)F)c1,13,3,6,10,13,16
PI1107,*c1ccc(Oc2cccc(N3C(=O)c4ccc(-c5cccc6c5C(=O)N(*)C6=O)cc4C3=O)c2)cc1,13,3,6,10,13,16
PI1108,*c1ccc(Oc2ccc(Oc3ccc(N4C(=O)c5ccc(-c6cccc7c6C(=O)N(*)C7=O)cc5C4=O)cc3)cc2)cc1,13,3,6,10,13,16
PI1109,*c1ccc(Oc2cccc(Oc3ccc(N4C(=O)c5ccc(-c6cccc7c6C(=O)N(*)C7=O)cc5C4=O)cc3)c2)cc1,13,3,6,10,13,16
PI1110,*c1cccc(Oc2cccc(Oc3cccc(N4C(=O)c5ccc(-c6cccc7c6C(=O)N(*)C7=O)cc5C4=O)c3)c2)c1,13,3,6,10,13,16
PI1111,*c1ccc(-c2ccc(N3C(=O)c4cc5c(cc4C3=O)C(C(F)(F)F)(C(F)(F)F)c3cc4c(cc3O5)C(=O)N(*)C4=O)cc2C(F)(F)F)c(C(F)(F)F)c1,13,3,6,10,13,16
PI1112,*c1ccc(-c2ccc(N3C(=O)c4cc5c(cc4C3=O)C(C(F)(F)F)(C(F)(F)F)c3cc4c(cc3O5)C(=O)N(*)C4=O)cc2OC(F)(F)F)c(OC(F)(F)F)c1,13,3,6,10,13,16
PI1113,*C(=O)Nc1ccc(C2(c3ccc(NC(=O)c4ccc5c(c4)C(=O)N(c4ccc(Sc6ccc(Oc7ccc(Sc8ccc(N9C(=O)c%10ccc(*)cc%10C9=O)cc8)cc7)cc6)cc4)C5=O)cc3)c3ccccc3-c3ccccc32)cc1,13,3,6,10,13,16
PI1114,*c1ccc(Sc2ccc(Oc3ccc(Sc4ccc(N5C(=O)c6ccc(Oc7ccc(C(C)(C)c8ccc(Oc9ccc%10c(c9)C(=O)N(*)C%10=O)cc8)cc7)cc6C5=O)cc4)cc3)cc2)cc1,13,3,6,10,13,16
PI1115,*c1ccc2c(c1)C(=O)N(c1ccc(Sc3ccc(Oc4ccc(Sc5ccc(N6C(=O)c7ccc(C(*)(C(F)(F)F)C(F)(F)F)cc7C6=O)cc5)cc4)cc3)cc1)C2=O,13,3,6,10,13,16
PI1116,*OC(C)COC(*)=O,15,2,3,4,7,7
PI1117,*Oc1ccc2c(c1)C1(CC2(C)C)CC(C)(C)c2ccc(OC(*)=O)cc21,15,3,6,10,14,18
PI1118,*Oc1ccc(C(C)(C)c2ccc(OC(*)=O)c(CC)c2)cc1CC,15,3,6,10,14,18
PI1119,*Oc1ccc(C(C)(CCC#N)c2ccc(OC(*)=O)cc2)cc1,15,3,6,10,14,18
PI1120,*Oc1ccc(C(C)(CCC#N)c2ccc(OC(*)=O)c(C)c2)cc1C,15,3,6,10,14,18
PI1121,*Oc1ccc(C(CCC)(CCC)c2ccc(OC(*)=O)c(C)c2)cc1C,15,3,6,10,14,18
PI1122,*Oc1ccc(C(CCCC)(CCCC)c2ccc(OC(*)=O)cc2)cc1,15,3,6,10,14,18
PI1124,*CCCCCCCCCSC(=O)S*,15,2,3,3,6,6
PI1125,*CCCCCCCCCCCCSC(=O)S*,15,2,3,3,6,6
PI1126,*Sc1ccc(Cc2ccc(SC(*)=O)cc2)cc1,15,2,3,3,5,5
PI1127,*Oc1ccc(C(C)(C)c2ccc(OC(=O)SCCCSC(*)=O)cc2)cc1,15,3,6,10,14,18
PI1128,*Oc1ccc(C(C)(C)c2ccc(OC(=O)SCCCCCCSC(*)=O)cc2)cc1,15,3,6,10,14,18
PI1129,*Oc1ccc(C(C)(C)c2ccc(OC(=O)Sc3ccc(C(C)(C)c4ccc(SC(*)=O)cc4)cc3)cc2)cc1,15,3,6,10,14,18
PI1130,*C1CCC(*)N1,16,5,10,14,18,22
PI1131,*Nc1ccc(*)cc1,16,3,6,10,14,17
PI1132,*c1ccc(Cc2ccc(N(*)Cc3ccccc3)cc2)cc1,16,3,6,10,14,17
PI1133,*Cc1cc(C(C)(C)c2ccc3c(c2)CN(C)CO3)cc(CN(*)C)c1O,16,2,4,7,10,12
PI1134,*c1ccc(C(c2ccc(-c3nc4cc(-c5ccc6nc(*)[nH]c6c5)ccc4[nH]3)cc2)(C(F)(F)F)C(F)(F)F)cc1,16,3,6,9,12,15
PI1135,*c1ccc(C(c2ccc(-c3nc4ccc(-c5ccc6nc(*)[nH]c6c5)cc4[nH]3)cc2)(C(F)(F)F)C(F)(F)F)cc1,16,3,6,9,12,15
PI1136,*c1cccc(S(=O)(=O)NCCCCCCNS(*)(=O)=O)c1,20,3,6,10,14,17
PI1137,*c1ccc(S(*)(=O)=O)cc1,20,3,6,10,14,17
PI1138,*Cc1cc(*)c(O)cc1C,21,2,4,6,9,11
